,0_RfR 0,0_RfR 1,0_RfR 2,1_RfR 0,1_RfR 1,1_RfR 2,2_RfR 0,2_RfR 1,2_RfR 2,3_RfR 0,3_RfR 1,3_RfR 2,4_RfR 0,4_RfR 1,4_RfR 2,EWS_DaysToThreat,A.1_DikeIncrease 0,A.1_DikeIncrease 1,A.1_DikeIncrease 2,A.2_DikeIncrease 0,A.2_DikeIncrease 1,A.2_DikeIncrease 2,A.3_DikeIncrease 0,A.3_DikeIncrease 1,A.3_DikeIncrease 2,A.4_DikeIncrease 0,A.4_DikeIncrease 1,A.4_DikeIncrease 2,A.5_DikeIncrease 0,A.5_DikeIncrease 1,A.5_DikeIncrease 2,Expected Annual Damage,Dike Investment Costs,RfR Investment Costs,Evacuation Costs,Expected Number of Deaths
0,0,1,0,0,0,0,0,1,1,0,0,0,0,0,0,3,1,0,0,5,0,0,4,0,0,2,0,3,5,0,0,15238941.45521563,171558138.27109414,146000000.0,460.7866719864377,0.0008193301106207272
1,0,0,0,0,0,0,0,1,0,0,0,0,0,0,0,0,3,0,0,5,0,0,5,0,0,5,0,1,5,0,0,8401746.522282548,185722559.33717167,30700000.0,0.0,0.00588116731473513
2,0,0,1,0,0,0,0,0,0,0,0,0,0,0,0,2,0,0,0,5,0,0,6,0,0,4,1,2,5,0,0,88085835.25170533,153084207.10559452,84600000.0,622.6149755472222,0.0062805467855682135
3,0,0,0,0,0,0,0,1,1,0,0,0,0,0,0,1,3,0,0,5,0,0,4,0,0,5,0,2,6,0,0,0.0,188120818.32127944,61400000.0,0.0,0.0
4,0,0,0,0,0,0,1,0,0,0,0,0,0,0,0,1,3,0,0,5,0,0,5,0,0,3,0,1,5,0,0,4695889.213823297,182621244.62155563,30700000.0,108.97600049829114,0.0007218004294030388
5,0,0,1,0,0,0,0,0,1,0,0,0,0,0,0,0,0,0,0,2,0,0,4,0,0,6,0,0,4,0,0,106796180.75258765,115185369.76977944,115300000.0,0.0,0.05519983723901013
6,0,0,1,0,0,0,1,0,0,0,0,0,0,0,0,1,3,0,0,5,0,0,6,0,0,4,0,1,5,0,0,4435249.541954542,186702326.6360919,115300000.0,100.62663886582641,0.0009600597792641132
7,0,0,0,0,0,0,0,1,0,0,0,0,0,0,0,0,3,0,0,0,0,0,4,0,0,2,0,0,0,0,0,394672839.3320753,76026965.4162045,30700000.0,0.0,0.2645230072191874
8,0,0,0,0,0,0,0,1,0,0,0,0,0,0,0,3,3,0,0,4,0,0,6,0,0,5,0,3,5,0,0,3066907.772218504,184794169.94889742,30700000.0,123.55965119678874,0.0002715461820311378
9,0,0,0,0,0,0,0,1,1,0,0,0,0,0,0,0,3,0,0,5,0,0,4,0,0,2,0,2,5,0,0,8960324.451337265,179955472.6004449,61400000.0,0.0,0.0036804558882061163
10,0,1,1,0,0,0,0,1,1,0,0,0,0,0,0,3,0,0,0,2,0,0,3,0,0,5,2,0,5,0,0,18863517.724253505,123435281.77328709,230600000.0,766.5063430177652,0.0016252479422814606
11,0,0,1,0,0,0,0,0,1,0,0,0,0,0,0,0,0,0,0,2,0,0,3,0,0,5,0,0,2,0,0,147599492.6980075,105663449.77676888,115300000.0,0.0,0.08294858152631027
12,0,0,0,0,0,0,0,1,1,0,0,0,0,0,0,3,3,0,0,2,0,0,3,0,0,0,0,0,5,0,0,95897024.58929795,145984629.61753,61400000.0,5093.209294333547,0.004819927659616256
13,0,0,0,0,0,0,0,0,0,0,0,0,0,0,0,0,3,0,0,3,0,0,6,0,0,2,5,1,5,0,0,22130007.596280392,185376748.8474666,0.0,0.0,0.015303301384371946
14,0,0,1,0,0,0,0,1,0,0,0,0,0,0,0,2,0,0,0,5,0,0,6,0,0,3,0,0,6,0,0,88085835.25170533,139535980.72978294,115300000.0,622.6149755472222,0.0062805467855682135
15,0,0,0,0,0,0,0,0,0,0,0,0,0,0,0,0,3,0,0,4,0,0,5,0,0,2,0,0,5,0,0,31367645.111759454,168457232.4450124,0.0,0.0,0.019085080885196608
16,1,0,1,0,0,0,0,1,0,0,0,0,0,0,0,2,0,0,0,5,0,0,5,0,0,7,3,0,6,0,0,0.0,153438752.5194594,199900000.0,0.0,0.0
17,0,0,1,0,0,0,0,1,0,0,0,0,0,0,0,2,1,0,0,2,0,0,4,0,0,2,0,0,5,0,0,57560391.74877621,145925452.36778244,115300000.0,1774.5029614262974,0.005511350939186808
18,0,0,0,0,0,0,0,0,0,0,0,0,0,0,0,2,3,0,0,3,0,0,5,0,0,2,0,2,4,0,0,24908865.274822913,167483527.5380108,0.0,860.7198040877297,0.002457139276491361
19,1,1,0,0,0,0,0,0,1,1,0,0,0,0,0,0,0,0,0,5,0,0,5,0,0,6,1,0,5,0,0,0.0,145204239.10830146,321100000.0,0.0,0.0
20,1,0,1,0,0,0,0,0,1,0,0,0,0,0,0,0,0,0,0,5,0,0,6,0,0,2,0,1,5,0,0,10082268.532353645,141577811.79466087,199900000.0,0.0,0.004153123773149439
21,1,0,1,0,0,0,0,1,1,0,0,0,0,0,0,0,0,0,0,2,0,0,4,0,0,2,0,0,5,0,0,27200090.759881064,113230551.27362052,230600000.0,0.0,0.016776614229056873
22,0,0,0,0,0,0,0,0,0,0,0,0,0,0,0,2,3,0,0,0,0,0,7,0,0,2,0,0,2,0,0,327215746.64330834,111423377.57987586,0.0,10936.852521345756,0.03326288545050483
23,1,0,1,0,0,0,0,1,0,0,0,0,0,0,0,0,0,0,0,5,0,0,5,0,0,3,1,2,5,0,0,5557193.622970921,148716540.89315477,199900000.0,0.0,0.0031395006051214147
24,0,0,0,0,0,0,0,0,0,0,0,0,0,0,0,0,3,0,0,4,0,0,5,0,0,3,0,0,5,0,0,24195756.59421031,169578559.9220987,0.0,0.0,0.016275794806712048
25,0,1,0,1,0,0,0,1,1,1,0,0,0,0,0,0,0,0,0,3,0,0,5,0,0,4,0,0,5,0,0,7760714.504716771,123012967.89616859,485000000.0,0.0,0.005586027771207523
26,0,0,0,0,0,0,0,1,1,0,0,0,0,0,0,1,3,0,0,4,0,0,5,0,0,2,0,3,5,0,0,10943572.941501267,177498231.08908266,61400000.0,259.67880702352136,0.0019035443467744684
27,0,0,0,0,0,0,0,1,1,0,0,1,0,0,0,3,3,0,0,3,0,0,3,0,0,4,0,0,5,0,0,7760714.504716771,160704108.87129733,182600000.0,315.1081341673255,0.0006703233325449028
28,0,0,0,0,0,0,0,1,0,0,0,1,0,0,0,1,3,0,0,4,0,0,6,0,0,5,0,0,5,0,0,3051514.1409783363,174794324.49984777,151900000.0,59.69302209796531,0.0008068886073397496
29,0,1,0,0,0,0,0,1,0,0,0,0,0,0,0,0,0,0,0,6,0,0,5,0,0,5,0,0,5,0,0,88085835.25170533,142588948.09726277,115300000.0,0.0,0.041870311903788086
30,0,0,0,1,0,0,1,1,0,0,1,0,0,0,0,2,0,0,0,0,0,0,5,0,0,2,0,0,0,0,0,281152421.43216085,36130477.35013072,400400000.0,5420.3744600387745,0.023854018168099067
31,0,0,0,0,0,0,0,0,0,0,0,0,0,0,0,1,3,0,0,3,0,0,7,0,0,2,0,0,6,0,0,27687722.95336543,171961519.55904472,0.0,588.4655528947054,0.006285080028784629
32,0,0,0,0,0,0,0,1,1,0,0,0,0,0,0,1,3,0,0,0,0,0,4,0,0,2,0,0,0,0,0,399007139.5902203,76026965.4162045,61400000.0,9011.491673332697,0.09582159993708675
33,0,0,0,0,0,0,0,0,1,0,0,0,0,0,0,1,3,0,0,0,0,0,5,0,0,1,0,0,0,0,0,429251264.71871364,77410703.09465149,30700000.0,9542.6228755992,0.09948288124374619
34,0,0,0,0,0,0,0,1,1,0,0,0,0,0,0,1,2,0,0,1,0,0,5,0,0,5,0,0,2,0,0,206534130.40547255,142945723.9733848,61400000.0,2088.8705008461206,0.043189814718428365
35,0,0,0,0,0,0,1,1,1,0,0,0,0,0,0,0,3,0,0,0,0,0,5,0,0,2,1,0,3,0,0,87043213.65097837,115533664.1322807,92100000.0,0.0,0.05880481773553018
36,0,1,1,0,0,0,0,1,1,1,0,0,0,0,0,1,0,0,0,4,0,0,4,0,0,0,0,2,0,0,0,98625919.88508299,87094033.3620391,351800000.0,2445.439992957594,0.019388583410511723
37,0,0,1,1,0,0,0,0,1,0,1,0,0,0,0,0,0,0,0,4,0,0,5,0,0,4,0,0,6,0,0,3051514.1409783363,132125838.4767089,454300000.0,0.0,0.0022413572426104155
38,0,0,1,0,0,0,0,0,1,0,0,0,0,0,0,0,0,0,0,3,0,0,5,0,0,2,0,0,4,0,0,97765160.78700104,117350293.47042792,115300000.0,0.0,0.04814623869784705
39,0,1,1,0,0,0,0,1,1,1,1,0,0,0,0,0,0,0,0,3,0,0,5,0,0,5,0,1,5,0,0,2997636.4316377495,131863650.31515622,473000000.0,0.0,0.002166010615838684
40,0,0,0,0,0,0,0,0,0,0,0,0,0,0,0,3,5,0,0,5,0,0,7,0,0,5,0,0,6,0,0,0.0,198946614.9259979,0.0,0.0,0.0
41,0,1,0,0,0,0,0,1,0,1,1,0,0,0,0,2,0,0,0,3,0,0,5,0,0,2,0,2,0,0,0,97483710.84142363,91814905.32643741,357700000.0,975.1083800695042,0.0072363024613893295
42,1,1,0,0,0,0,0,1,1,0,0,0,0,0,0,3,0,0,0,0,0,0,5,0,0,4,0,0,2,0,0,127887423.26870164,66071822.46042924,230600000.0,5302.826802607139,0.010427899703574408
43,0,0,0,0,0,0,1,1,1,0,0,0,0,0,0,1,3,0,0,3,0,0,7,0,0,4,0,1,6,0,0,4624606.983878023,181554683.83149317,92100000.0,96.3389099607336,0.0010302085538209914
44,0,0,1,0,0,0,1,1,1,0,0,0,0,0,0,2,0,0,0,0,0,0,5,0,0,2,2,1,2,0,0,173845408.71198195,78780484.8607977,176700000.0,3504.825144372121,0.014892369162513644
45,0,0,0,0,0,0,1,1,0,0,1,0,0,0,0,1,3,0,0,0,0,0,5,0,0,2,0,0,1,0,0,126402653.57074341,103459197.09068075,182600000.0,2548.231428795869,0.030749335638660447
46,0,0,0,0,0,0,0,1,0,0,0,0,0,0,0,0,2,0,0,0,0,0,4,0,0,2,0,0,1,0,0,362752869.2208039,96027877.08510402,30700000.0,0.0,0.22477206327515348
47,0,0,0,0,0,0,0,0,0,0,0,0,0,0,0,2,3,0,0,4,0,0,5,0,0,5,0,0,5,0,0,19351149.91773787,172193923.91174507,0.0,628.2698811674877,0.002133851138820224
48,0,0,1,0,0,0,0,1,0,1,0,0,0,0,0,1,0,0,0,3,0,0,5,0,0,2,0,0,2,0,0,91074886.05908707,111551406.88088606,236500000.0,433.8558377598504,0.015848753666108856
49,0,0,0,0,0,0,0,1,1,0,0,0,0,0,0,0,2,0,0,0,0,0,5,0,0,3,0,0,1,0,0,273332725.2121556,99544222.1504928,61400000.0,0.0,0.1643789641450973
50,0,1,1,0,0,0,0,0,0,0,0,0,0,0,0,0,0,0,0,2,0,0,2,0,0,2,0,0,3,0,0,131725771.96042506,102669840.13220331,169200000.0,0.0,0.13726898968985282
51,0,1,0,1,0,0,1,1,1,1,0,0,0,0,0,0,0,0,0,3,0,0,4,0,0,4,0,0,5,0,0,2974545.984777496,120617950.3078661,515700000.0,0.0,0.002133719204365084
52,0,0,0,0,0,0,0,0,0,0,0,0,0,0,0,0,3,0,0,0,0,0,5,0,0,1,0,0,1,0,0,339118736.57440114,102447917.18082522,0.0,0.0,0.2258241062345503
53,0,0,0,0,0,0,0,1,0,0,0,0,0,0,0,1,3,0,0,0,0,0,5,0,0,2,0,0,0,0,0,394672839.3320753,78421983.00450702,30700000.0,8592.539734336357,0.09522828259890748
54,0,0,1,0,0,0,0,0,0,0,0,0,0,0,0,3,0,0,0,1,0,0,5,0,0,0,0,0,1,0,0,300886129.0005461,92080733.16854674,84600000.0,10719.750308145938,0.01954606716001792
55,0,1,0,0,0,0,0,0,0,0,0,0,0,0,0,0,3,0,0,0,0,0,2,0,0,2,0,0,0,0,0,359307136.06721145,71791404.07270183,84600000.0,0.0,0.24294596799773527
56,0,1,0,1,0,0,1,1,1,1,1,0,0,0,0,3,0,0,0,1,0,0,5,0,0,2,0,0,2,0,0,18424648.750117585,101953829.26955003,636900000.0,753.8824104848362,0.001551598270384215
57,0,0,0,0,0,0,1,0,0,0,0,0,0,0,0,1,3,0,0,0,0,0,3,0,0,2,0,0,1,0,0,222024951.1964963,98858832.41143318,30700000.0,4469.2105647885755,0.05416374427619272
58,0,1,0,0,0,0,1,1,1,0,0,0,0,0,0,3,0,0,0,0,0,0,5,0,0,5,0,0,5,0,0,173198768.6521964,76543844.6571579,176700000.0,4319.493438757536,0.011885107356667651
59,0,0,0,0,0,0,0,0,0,0,0,0,0,0,0,3,3,0,0,0,0,0,2,0,0,3,0,0,0,0,0,359307136.06721145,72912731.54978809,0.0,15169.264937783708,0.02915351615972823
60,0,0,0,0,0,0,1,1,1,0,1,0,0,0,0,3,3,0,0,0,0,0,3,0,0,2,0,2,1,0,0,74422132.24218173,106700560.82463978,213300000.0,3090.861732341979,0.00604642089227752
61,0,0,0,0,0,0,1,1,1,0,0,0,0,0,0,1,3,0,0,0,0,0,6,0,0,4,0,0,10,0,0,86396573.59119284,141562126.51117307,92100000.0,1738.615249986587,0.02108337046476108
62,0,1,0,0,0,0,0,1,0,0,0,0,0,0,0,0,0,0,0,0,0,0,2,0,0,2,0,0,0,0,0,481998972.543875,29499898.418325532,115300000.0,0.0,0.30533089485217646
63,0,0,1,0,0,0,0,1,0,0,0,0,0,0,0,3,0,0,0,0,0,0,3,0,0,2,0,0,0,0,0,481998972.543875,31530112.67088316,115300000.0,18473.768150090997,0.03663970738226118
64,0,1,0,0,0,0,0,0,0,0,0,0,0,0,0,3,1,0,0,0,0,0,4,0,0,2,0,0,1,0,0,334311697.3311169,91467574.94216388,84600000.0,13642.819156072492,0.02703037038135583
65,0,1,0,0,0,0,0,0,0,0,0,0,0,0,0,1,0,0,0,0,0,0,2,0,0,2,0,0,1,0,0,414541879.8551079,54537112.50449926,84600000.0,6952.284046123375,0.09452176462908762
66,1,0,0,0,0,0,0,1,1,0,0,0,0,0,0,0,0,0,0,0,0,0,4,0,0,3,0,0,3,0,0,215163440.90617338,65208313.28129447,146000000.0,0.0,0.12767546340246705
67,0,1,0,0,0,0,0,0,0,0,0,0,0,0,0,2,0,0,0,0,0,0,2,0,0,2,0,0,1,0,0,414541879.8551079,54537112.50449926,84600000.0,11541.877810947011,0.03938406859545318
68,0,0,0,0,0,0,1,1,1,0,0,0,0,0,0,2,3,0,0,3,0,0,4,0,0,0,0,0,1,0,0,86010889.7922734,141574798.84595656,92100000.0,3786.893362065982,0.004917501178169115
69,0,1,0,1,0,0,1,1,0,1,1,1,0,0,0,2,0,0,0,3,0,0,5,0,0,1,0,2,0,0,0,36504449.461631596,90544520.67762776,727400000.0,1450.102753283383,0.0033601921182746883
70,0,1,0,0,0,0,1,1,0,1,0,1,0,0,0,2,0,0,0,0,0,0,5,0,0,2,0,2,0,0,0,187016451.80546018,43972205.76333732,388400000.0,3941.3306496394216,0.01624264160696897
71,0,1,1,0,0,0,0,1,1,0,1,1,0,0,0,2,0,0,0,0,0,0,5,0,0,2,0,1,0,0,0,100121110.06437065,42890632.43552444,473000000.0,3348.254886488359,0.010162188390081829
72,1,0,0,0,0,0,1,1,1,0,0,0,0,0,0,1,1,0,0,0,0,0,3,0,0,2,0,0,1,0,0,169085989.05624235,89262227.85121882,176700000.0,3541.211925873072,0.04034526996214951
73,0,1,1,0,0,0,1,1,1,1,0,1,0,0,0,3,0,0,0,0,0,0,5,0,0,2,7,1,0,0,0,59519986.82323115,59936137.21278843,503700000.0,2470.558371750303,0.004841695701363119
74,1,0,0,0,0,0,1,1,1,0,0,0,0,0,0,1,3,0,0,0,0,0,0,0,0,1,0,1,6,0,0,154886058.88603988,95422765.81235099,176700000.0,3307.503680783699,0.03999870281403242
75,0,0,0,0,0,0,0,0,0,0,0,0,0,0,0,1,0,0,0,0,0,0,2,0,0,2,0,0,0,0,0,3751677250.9612284,29499898.418325532,0.0,15192.539779452887,0.6592773543343148
76,0,0,0,0,0,0,0,0,0,0,0,0,0,0,0,1,1,0,0,0,0,0,2,0,0,2,0,0,0,0,0,1642247838.2791834,62194799.51248746,0.0,8789.712251538927,0.30599072398481575
77,0,1,0,0,0,0,0,0,0,0,0,0,0,0,0,2,0,0,0,0,0,0,0,0,0,2,0,0,0,0,0,1636308189.1127267,7332080.219521779,84600000.0,46694.20034031474,0.2737204497383686
78,0,0,0,0,0,0,0,1,0,0,0,0,0,0,0,2,1,0,0,0,0,0,0,0,0,2,3,3,0,0,0,1574453205.1543179,59067825.40680359,30700000.0,12218.058527598589,0.12292041196590818
79,0,0,1,0,0,0,0,0,0,0,0,0,0,0,0,1,1,0,0,0,0,0,3,0,0,3,0,1,0,0,0,366403086.75502,72337496.61105993,84600000.0,7381.6500347873925,0.08872073454204062
80,0,0,0,0,0,0,0,0,0,0,0,0,0,0,0,3,0,0,0,0,0,0,3,0,0,1,0,0,0,0,0,3751677250.9612284,30518832.761027623,0.0,31334.61329512158,0.21975911811143828
81,0,0,0,0,0,0,0,0,0,0,0,0,0,0,0,2,0,0,0,0,0,0,1,0,0,2,0,0,0,0,0,3751677250.9612284,27631367.846842468,0.0,25221.989868232333,0.2746988976392979
82,1,0,0,0,0,0,1,1,1,0,0,0,0,0,0,2,0,0,0,0,0,0,2,0,0,2,0,0,2,0,0,175138688.831553,57078128.38598077,176700000.0,3560.7454654195735,0.014964339095871797
83,0,1,0,0,0,0,0,0,0,0,0,1,0,0,0,3,0,0,0,0,0,0,4,0,0,1,0,0,0,0,0,313117490.2859285,32724179.85197268,205800000.0,10088.549436962947,0.02340869481917514
84,0,0,0,0,0,0,0,0,1,0,0,0,0,0,0,1,1,0,0,0,0,0,4,0,0,2,0,0,0,0,0,1548932544.7959282,66430360.85599015,30700000.0,6903.211268022155,0.28350713809528494
85,0,0,0,0,0,0,0,1,0,0,0,1,0,0,0,2,3,0,0,5,0,0,6,0,0,5,0,0,5,0,0,0.0,180845853.83037615,151900000.0,0.0,0.0
86,0,0,1,0,0,0,0,1,0,0,0,0,0,0,0,3,0,0,0,0,0,0,0,0,0,2,0,0,0,0,0,807405434.0661441,7332080.219521779,115300000.0,30346.242551278636,0.08588916237837996
87,0,1,0,1,0,0,0,1,1,0,0,0,0,0,0,1,0,0,0,4,0,0,4,0,0,6,0,0,6,0,0,0.0,132622083.52501944,363800000.0,0.0,0.0
88,0,0,0,0,0,0,1,1,0,0,0,0,0,0,0,2,3,0,0,0,0,0,4,0,0,3,0,0,3,0,0,127887423.26870164,107499818.93567076,61400000.0,4268.373846795519,0.013034874629468013
89,1,0,1,0,0,0,0,0,0,0,0,0,0,0,0,3,0,0,0,0,0,0,4,0,0,1,0,0,0,0,0,371210125.99830425,32724179.85197268,169200000.0,15843.604732056698,0.02964210054747041
90,0,0,0,0,0,0,0,0,0,0,0,0,0,0,0,0,0,0,0,0,0,0,2,0,0,2,0,0,0,0,0,3751677250.9612284,29499898.418325532,0.0,0.0,1.8313259842619856
91,0,0,0,0,0,0,0,0,0,0,0,0,0,0,0,0,1,0,0,0,0,0,2,0,0,2,0,0,0,0,0,1642247838.2791834,62194799.51248746,0.0,0.0,0.8499742332911548
92,0,0,0,0,0,0,0,0,0,0,0,0,0,0,0,1,3,0,0,0,0,0,0,0,0,1,0,0,0,0,0,1555519226.6707642,48612305.96404253,0.0,27941.74086323448,0.6430404373465255
93,0,0,0,0,0,0,0,1,1,0,0,0,0,0,0,2,1,0,0,0,0,0,0,0,0,2,3,0,0,0,0,1493019782.7913065,49067979.95775396,61400000.0,9572.400195578171,0.11257361610763676
94,0,1,1,1,0,1,1,0,1,1,1,0,0,0,0,1,0,0,0,2,0,0,4,0,0,5,0,0,3,0,0,18668464.846859768,110642092.94243869,908600000.0,368.919130344952,0.004777544264314723
95,0,0,0,0,0,0,0,1,1,0,0,0,0,0,0,2,2,0,0,0,0,0,0,0,0,1,3,0,0,0,0,587133628.7367618,52318271.417453036,61400000.0,17784.2949126304,0.05838417128522397
96,1,1,0,1,0,0,1,1,1,1,1,0,0,0,0,0,0,0,0,0,0,0,0,0,0,3,0,0,4,1,0,59519986.82323115,70469348.30266106,721500000.0,0.0,0.040347464178025996
97,0,1,0,0,0,0,0,0,0,0,0,0,0,0,0,2,2,0,0,0,0,0,5,0,0,2,0,0,0,0,0,359307136.06721145,73385680.5872328,84600000.0,12210.109088178171,0.0364418951996603
98,0,0,0,0,0,0,0,0,0,0,0,0,0,0,0,0,2,0,0,0,0,0,2,0,0,2,0,0,0,0,0,500035054.0915191,66755101.655427605,0.0,0.0,0.3172631860612423
99,0,1,1,1,0,0,0,0,1,1,0,0,0,0,0,2,0,0,0,0,0,0,0,0,0,5,0,0,0,0,0,313907084.5447312,11068771.68625446,538900000.0,10064.781269307838,0.040344804390387665
100,0,1,0,0,0,0,0,0,0,1,0,0,0,0,0,1,0,0,0,0,0,0,3,0,0,2,0,1,0,0,0,313117490.2859285,38290267.756276876,205800000.0,4891.417908830521,0.07022608445752543
101,0,0,0,0,0,0,0,0,0,0,0,0,0,0,0,2,2,0,0,1,0,0,4,0,0,5,0,0,2,0,0,280541600.9820435,140550706.38508227,0.0,5828.810865282183,0.026358261822387905
102,0,1,1,0,0,0,0,1,1,1,0,0,0,0,0,2,0,0,0,5,0,0,5,0,0,5,0,0,7,0,0,0.0,143470785.29274234,351800000.0,0.0,0.0
103,0,0,0,0,0,0,0,1,0,0,0,0,0,0,0,4,3,0,0,0,0,0,0,0,0,0,3,0,0,0,0,742877136.5085357,50744913.350984335,30700000.0,36042.93878370502,0.08191246336038221
104,0,0,1,0,0,0,0,0,0,0,0,0,0,0,0,1,0,0,0,5,0,0,6,0,0,5,0,3,5,0,0,88085835.25170533,148554193.62504947,84600000.0,375.0339617413855,0.01507331228536371
105,0,1,1,0,0,0,0,0,0,0,0,0,0,0,0,1,0,0,0,3,0,0,4,0,0,1,0,0,1,0,0,117996072.43783835,105604093.50124653,169200000.0,2846.4986176804464,0.023948539681845474
106,0,1,1,0,0,0,0,1,0,0,0,1,0,0,0,0,0,0,0,0,0,0,2,0,0,2,0,0,0,0,0,228290415.54981604,29499898.418325532,321100000.0,0.0,0.15967975945639112
107,0,0,0,0,0,0,0,1,0,0,0,0,0,0,0,2,0,0,0,0,0,0,0,0,0,2,0,0,0,0,0,3751677250.9612284,7332080.219521779,30700000.0,25221.989868232333,0.2746988976392979
108,0,1,1,1,0,0,1,0,1,1,1,1,0,0,0,2,0,0,0,3,0,0,5,0,0,6,0,0,2,0,0,2982242.8003975814,116805784.66014239,812000000.0,97.49587659328407,0.00032167245122844275
109,0,1,0,0,0,0,0,0,1,1,1,0,0,0,0,2,0,0,0,1,0,0,4,0,0,5,0,0,0,0,0,149745276.38399744,75717273.18032496,357700000.0,2666.40530987889,0.012639669813661835
110,1,1,0,0,0,0,0,1,1,0,1,1,0,0,0,1,0,0,0,0,0,0,4,0,0,3,0,0,0,0,0,100121110.06437065,34856787.23891449,473000000.0,2016.8311786847526,0.02438925213619638
111,1,1,1,0,0,0,1,0,1,1,0,1,0,0,0,3,0,0,0,4,0,0,5,0,0,5,0,0,3,0,0,0.0,123577268.4594543,557600000.0,0.0,0.0
112,1,0,0,0,0,0,0,0,0,0,0,1,0,0,0,1,0,0,0,0,0,0,0,0,0,2,0,0,0,0,0,1083856198.5519059,7332080.219521779,205800000.0,18347.754776516726,0.4232693006310591
113,0,0,0,0,0,0,0,0,0,0,0,0,0,0,0,2,1,0,0,0,0,0,0,0,0,2,0,0,0,0,0,2597504754.940098,40026981.31368371,0.0,42409.47484081943,0.3092490933610504
114,0,0,0,0,0,0,1,1,0,0,0,0,0,0,0,1,1,0,0,0,0,0,4,0,0,2,0,0,0,0,0,1493019782.7913065,66430360.85599015,61400000.0,5765.963411924735,0.27017667865832823
115,0,0,0,1,1,0,0,1,1,0,0,1,0,0,0,0,0,0,0,1,0,0,0,0,0,3,0,0,3,0,0,74719787.58032273,77050055.69075209,618200000.0,0.0,0.07201577287792246
116,0,0,0,0,0,0,0,1,0,0,0,0,0,0,0,3,3,0,0,0,0,0,0,0,0,1,0,1,0,0,0,743131584.4454367,55149093.428626984,30700000.0,30900.951922492786,0.08193768222794098
117,0,1,0,0,0,0,0,0,0,0,0,0,0,0,0,3,2,0,0,0,0,0,2,0,0,1,0,0,0,0,0,371210125.99830425,65743821.745572075,84600000.0,15843.604732056698,0.02964210054747041
118,0,1,1,0,0,0,1,1,1,0,0,0,0,0,0,1,0,0,0,3,0,0,5,0,0,5,0,0,5,0,0,2989939.616017664,124386544.220258,261300000.0,58.834271805145335,0.0007758888523250937
119,0,0,0,0,0,0,0,1,0,0,0,0,0,0,0,1,0,0,0,0,0,0,0,0,0,1,0,3,0,0,0,3751677250.9612284,15063068.18035096,30700000.0,15192.539779452887,0.6592773543343148
120,1,1,0,0,0,0,1,0,1,1,0,1,0,0,0,0,0,0,0,0,0,0,4,0,0,2,0,1,0,0,0,100121110.06437065,40495614.84722193,473000000.0,0.0,0.06774792260054552
121,0,0,1,0,0,0,1,0,0,0,0,0,0,0,0,3,0,0,0,0,0,0,5,0,0,0,0,0,2,0,0,377744591.3708699,56376627.09826419,115300000.0,13867.481514799643,0.02571227043523911
122,1,1,0,0,0,0,1,0,0,0,1,1,0,0,0,1,0,0,0,0,0,0,4,0,0,4,0,0,0,0,0,128629808.11768088,36098574.90447149,442300000.0,2582.4855965890774,0.031550880846754656
123,0,1,0,1,0,0,1,1,1,1,1,0,0,0,0,2,0,0,0,0,0,0,3,0,0,2,0,1,2,0,0,59519986.82323115,65868497.72393212,636900000.0,1988.6123257459826,0.0060521196267039005
124,0,0,1,0,0,0,1,1,1,0,0,1,0,0,0,0,0,0,0,0,0,0,2,0,0,2,0,0,0,0,0,257223841.9098559,29499898.418325532,297900000.0,0.0,0.1543746238316449
125,1,1,0,0,0,0,1,1,1,0,0,1,0,0,0,1,0,0,0,0,0,0,5,0,0,4,0,0,2,0,0,74422132.24218173,66071822.46042924,382500000.0,1498.5996278021717,0.01813926267683256
126,0,1,1,0,0,0,0,0,0,1,1,0,0,0,0,3,0,0,0,3,0,0,5,0,0,2,0,0,2,0,0,22085906.069643375,111551406.88088606,411600000.0,927.9567323877287,0.0018097715145039888
127,0,1,1,0,0,0,1,1,0,0,0,0,0,0,0,1,0,0,0,3,0,0,5,0,0,3,0,0,7,0,0,23708124.400725946,129288017.93545675,230600000.0,484.9986641039171,0.005613787224092183
128,0,1,0,1,0,0,1,1,1,0,0,0,0,0,0,0,0,0,0,0,0,0,4,0,0,3,0,0,4,0,0,86396573.59119284,68233903.79611158,394500000.0,0.0,0.058564917957669674
129,0,0,0,0,0,0,0,0,0,0,0,0,0,0,0,2,3,0,0,3,0,0,4,0,0,2,0,0,3,0,0,33452879.67776142,154221191.0216846,0.0,1129.0642478309119,0.0038007190648433687
130,0,1,1,0,0,0,0,0,0,0,0,0,0,0,0,2,0,0,0,3,0,0,5,0,0,2,0,0,3,0,0,27687722.95336543,114324702.95561081,169200000.0,976.9447655478508,0.0026187833453269298
131,0,0,1,0,0,0,1,1,1,0,0,0,0,0,0,0,0,0,0,0,0,0,1,0,0,3,0,0,1,0,0,246852313.25008076,53789909.410102464,176700000.0,0.0,0.1483276215123503
132,0,1,0,0,0,0,0,1,0,0,0,0,0,0,0,0,0,1,0,0,0,0,1,0,0,2,0,3,1,0,0,255864296.05896854,94404481.67124836,115300000.0,0.0,0.16639115231682045
133,0,1,0,0,0,0,0,1,0,1,0,0,0,0,0,0,0,0,0,0,0,0,2,0,0,2,0,0,0,0,0,315616548.76161575,29499898.418325532,236500000.0,0.0,0.2004876470893802
134,0,0,0,0,0,0,0,0,0,0,0,0,0,0,0,1,3,0,0,5,0,0,9,0,0,4,0,1,5,0,0,4435249.541954542,195912580.28795743,0.0,100.62663886582641,0.0009600597792641132
135,0,0,1,0,0,0,0,0,0,0,0,0,0,0,0,0,0,0,0,0,0,0,2,0,0,2,0,0,1,0,0,414541879.8551079,54537112.50449926,84600000.0,0.0,0.2625604573030212
136,0,0,0,0,0,0,0,1,1,0,0,0,0,0,0,0,3,0,0,2,0,0,2,0,0,2,0,0,5,0,0,27200090.759881064,151286495.5844941,61400000.0,0.0,0.016776614229056873
137,0,0,0,0,0,0,1,1,1,0,0,0,0,0,0,1,3,0,0,3,0,0,7,0,0,5,0,1,7,0,0,2989939.616017664,187095158.28209126,92100000.0,58.834271805145335,0.0007758888523250937
138,0,0,0,0,0,0,0,0,0,0,0,0,0,0,0,0,3,0,0,0,0,1,5,0,0,2,0,0,1,0,0,265045774.53948653,141704319.0424448,0.0,0.0,0.18030412550480626
139,1,1,1,0,0,0,1,1,1,0,0,0,0,0,0,3,0,0,0,0,0,0,4,0,0,5,0,1,4,0,0,86396573.59119284,78326373.88065621,345900000.0,3585.8939530973357,0.007027790154920361
140,0,1,1,0,0,0,0,0,0,0,0,0,0,0,0,0,0,0,0,6,0,0,7,1,0,3,0,1,5,0,0,4695889.213823297,178069786.86604053,169200000.0,0.0,0.002005001192786219
141,1,0,0,0,0,0,1,1,1,0,0,0,0,0,0,3,0,0,0,0,0,0,0,0,0,5,0,2,3,0,0,204859735.54438508,50093683.85251339,176700000.0,5478.362634242897,0.016666459774314968
142,0,1,0,0,0,1,1,1,1,0,0,1,0,0,0,2,0,0,0,3,0,0,4,0,0,1,0,0,2,0,0,25358126.99483246,108145109.38272804,515700000.0,1074.0630567635246,0.00154700225825737
143,1,1,1,0,0,0,1,1,1,0,0,0,0,0,0,2,0,0,0,0,0,0,5,0,0,2,0,0,6,0,0,88336493.77054945,76404149.73385473,345900000.0,2970.2534551817234,0.008892692593687683
144,0,1,0,0,0,0,0,0,0,0,0,0,0,0,0,3,0,0,0,1,0,0,4,0,0,2,0,0,1,0,0,233797120.26803845,97017795.799766,84600000.0,6766.950434169609,0.01753136355249437
145,0,0,1,0,0,0,0,0,1,0,0,0,0,0,0,3,1,0,0,0,0,0,3,0,0,2,3,0,1,0,0,229120901.88430485,98303226.49528907,115300000.0,9273.135048841728,0.01847464344634955
146,0,0,1,0,0,0,1,1,0,0,0,0,0,0,0,2,2,0,0,0,0,0,0,0,0,2,0,0,0,0,0,433249329.34251034,44587283.45662385,146000000.0,15911.976107384093,0.04664219673121813
147,0,0,0,0,0,0,0,0,0,0,0,0,0,0,0,0,3,0,0,7,0,0,5,0,0,2,0,0,5,0,0,18103745.93157372,188414109.1157502,0.0,0.0,0.013172668052406002
148,0,1,0,0,0,0,0,0,0,1,1,0,0,0,0,1,0,0,0,3,0,0,4,0,0,5,0,1,0,0,0,95845249.49459016,92791956.88655923,327000000.0,527.7955290292798,0.01708362766490318
149,0,0,1,1,0,0,0,1,1,0,0,0,0,0,0,1,0,0,0,2,0,0,2,0,0,6,0,0,5,0,0,18863517.724253505,114249367.70937416,363800000.0,371.6394390389164,0.004875743826844381
150,0,1,0,0,0,0,0,1,1,0,0,1,0,0,0,0,0,0,0,0,0,0,3,0,0,5,0,0,0,0,0,217559971.53703716,35266804.137615845,267200000.0,0.0,0.12876186465335715
151,0,1,0,1,0,0,0,1,1,1,0,0,0,0,0,2,0,0,0,1,0,0,1,0,0,5,0,0,3,0,0,46849241.36864527,99964707.30771917,485000000.0,1514.2654314278936,0.005424211286310555
152,0,0,0,0,0,0,0,0,0,0,0,0,0,0,0,0,3,0,0,1,0,0,3,0,0,5,0,0,2,0,0,170217245.35771322,143381661.71141142,0.0,0.0,0.14257787892496052
153,1,1,0,0,0,0,1,1,0,1,0,0,0,0,0,0,0,0,0,0,0,0,4,0,0,5,0,0,1,0,0,126402653.57074341,62509365.31473462,351800000.0,0.0,0.08541482121850125
154,1,1,0,0,0,0,1,1,0,0,1,0,0,0,0,1,0,0,0,2,0,0,4,0,0,1,0,0,4,0,0,39870093.18935092,108919712.08066759,351800000.0,941.4786497142456,0.0074838014614103865
155,0,0,1,0,0,0,0,0,0,0,0,0,0,0,0,3,0,0,0,1,0,0,4,0,0,0,0,0,2,0,0,301933901.8057958,92226731.46172574,84600000.0,10681.44481838366,0.020112105909414646
156,0,1,0,0,0,0,0,0,0,0,0,0,0,0,0,0,0,0,0,1,0,0,2,0,0,2,0,0,1,0,0,264200682.66801578,92782234.45626332,84600000.0,0.0,0.18726804777666795
157,0,1,1,0,0,0,1,1,0,0,1,0,0,0,0,3,0,0,0,0,0,0,3,0,0,2,0,0,1,0,0,126402653.57074341,56567326.75705689,351800000.0,5255.72732189148,0.010249778546220147
158,0,0,0,0,0,0,0,1,1,0,0,0,0,0,0,0,3,0,0,1,0,0,2,0,0,2,0,0,5,0,0,60274452.91647132,146713201.86476037,61400000.0,0.0,0.041302474438130926
159,0,0,0,0,0,0,1,0,0,0,0,0,0,0,0,3,3,0,0,0,0,0,3,0,0,2,0,0,1,0,0,222024951.1964963,98858832.41143318,30700000.0,9217.746789876437,0.018054581425397575
160,0,1,1,0,0,0,0,1,1,0,0,0,0,0,0,3,0,0,0,0,0,0,2,0,0,4,0,0,1,0,0,132604807.18784797,56900227.64714253,230600000.0,5530.118378594021,0.010807409529790831
161,0,1,1,0,0,0,0,0,0,0,0,0,0,0,0,3,0,0,0,0,0,0,5,0,0,2,0,0,0,0,0,359307136.06721145,36130477.35013072,169200000.0,15169.264937783708,0.02915351615972823
162,0,0,1,0,0,0,0,1,0,0,0,0,0,0,0,0,1,0,0,0,0,0,4,0,0,5,0,0,2,0,0,229120901.88430485,97745282.29037808,115300000.0,0.0,0.1539553620529129
163,0,0,1,0,0,0,0,1,1,0,0,0,0,0,0,3,0,0,0,4,0,0,5,0,0,2,1,0,3,0,0,88732475.31149086,126600732.07811531,146000000.0,808.2439337540254,0.005053225401797831
164,0,0,1,0,0,0,0,1,1,0,0,0,0,0,0,0,0,0,0,3,0,0,4,0,0,2,0,0,5,0,0,92991715.79158342,118254835.16522282,146000000.0,0.0,0.0447117236612992
165,0,1,0,0,0,0,0,0,1,0,0,0,0,0,0,2,0,0,0,0,0,0,1,0,0,6,0,0,1,0,0,309351084.408296,57922959.712272525,115300000.0,8024.613141301037,0.028689409926695327
166,0,1,1,0,0,0,1,1,1,0,0,0,0,0,0,0,0,0,0,0,0,0,3,0,0,1,0,0,2,0,0,140669391.10550207,58097062.72868286,261300000.0,0.0,0.07725204785891802
167,1,1,0,0,0,0,1,1,1,0,0,0,0,0,0,0,0,0,0,0,0,0,4,0,0,5,0,0,7,0,0,86396573.59119284,81665664.77370054,261300000.0,0.0,0.058564917957669674
168,0,0,0,0,0,0,0,1,1,0,0,0,0,0,0,1,3,0,0,2,0,0,4,0,0,5,0,0,5,0,0,18863517.724253505,159258748.3947295,61400000.0,371.6394390389164,0.004875743826844381
169,0,1,0,0,0,0,0,0,1,0,0,0,0,0,0,0,0,0,0,3,0,0,5,0,0,1,0,0,2,0,0,150554611.16553682,110540126.97103053,115300000.0,0.0,0.06635730042743919
170,0,0,1,0,0,0,0,1,1,0,0,0,0,0,0,3,0,0,0,3,0,0,4,0,0,4,0,0,5,0,0,91051795.61222681,120617950.3078661,146000000.0,894.1634757000887,0.00527904291932612
171,0,0,1,0,0,0,0,0,0,0,0,0,0,0,0,3,0,0,0,3,0,0,5,0,0,2,0,0,3,0,0,108979917.02868642,114324702.95561081,84600000.0,1646.8303955394185,0.006751260873098359
172,0,0,0,0,0,0,1,1,1,0,0,0,0,0,0,2,3,0,0,0,0,0,5,0,0,5,0,3,3,0,0,86396573.59119284,122510045.96266931,92100000.0,2886.3729736105447,0.008784737693650454
173,0,1,1,0,0,0,0,0,0,0,0,1,0,0,0,2,0,0,0,2,0,0,6,0,0,2,0,0,2,0,0,42457291.81663291,109127523.57738642,290400000.0,1388.8720057872245,0.0045704448444028765
174,0,0,0,0,0,0,1,0,1,0,0,1,0,0,0,3,3,0,0,0,0,0,4,0,0,2,0,0,2,0,0,126402653.57074341,103605195.38385974,182600000.0,5255.72732189148,0.010249778546220147
175,0,1,1,0,0,0,0,0,0,0,0,0,0,0,0,0,0,0,0,3,0,0,4,0,0,1,0,0,1,0,0,117996072.43783835,105604093.50124653,169200000.0,0.0,0.06652372133845966
176,0,0,0,0,0,0,1,1,0,1,0,0,0,0,0,2,3,0,0,0,0,0,5,0,0,2,0,5,0,0,0,130474291.84775655,90260137.9118001,182600000.0,4391.845739760611,0.013215830649108981
177,0,0,1,0,0,0,0,0,0,0,0,0,0,0,0,0,0,0,0,3,0,0,5,0,0,2,3,0,3,0,0,107686636.90911534,123365701.59968105,84600000.0,0.0,0.05578070772009864
178,0,0,1,0,0,0,0,1,1,0,0,0,0,0,0,2,1,0,0,2,0,0,4,0,0,2,0,0,5,0,0,34296041.44768961,145925452.36778244,146000000.0,1010.2377742341489,0.003041569660548502
179,0,1,1,0,0,0,1,1,0,0,0,1,0,0,0,2,0,0,0,1,0,0,4,0,0,2,0,0,3,0,0,41359212.512323625,102332107.75597227,351800000.0,1363.447735360142,0.004340099384693734
180,0,0,0,0,0,0,0,0,0,0,0,0,0,0,0,0,3,0,0,3,0,0,5,0,0,0,0,0,1,0,0,101102040.70192865,143969816.43425906,0.0,0.0,0.04401058712172832
181,0,0,1,0,0,0,0,1,1,0,0,0,0,0,0,1,0,0,0,3,0,0,4,0,0,5,0,0,5,0,0,91051795.61222681,121991526.6319555,146000000.0,433.5338064000429,0.01583712875797836
182,0,0,0,0,0,0,0,1,1,0,0,0,0,0,0,2,3,0,0,0,0,0,4,0,0,3,0,0,1,0,0,132604807.18784797,102185506.9794645,61400000.0,4451.326346406171,0.013509261912238543
183,0,1,1,0,0,0,0,0,0,1,0,0,0,0,0,3,0,0,0,3,0,0,4,0,0,1,0,0,2,0,0,40357725.382835284,108145109.38272804,290400000.0,1955.8263067388864,0.0025764334559115138
184,1,1,0,0,0,0,0,0,0,0,0,0,0,0,0,1,0,0,0,3,0,0,6,0,0,2,0,0,3,0,0,27687722.95336543,116925103.54371348,169200000.0,588.4655528947054,0.006285080028784629
185,0,0,1,0,0,0,0,0,0,0,0,0,0,0,0,0,0,0,0,3,0,0,5,0,0,2,0,0,5,0,0,108979917.02868642,120649852.75352532,84600000.0,0.0,0.05626050727581966
186,0,0,1,1,0,0,0,1,1,0,0,1,0,0,0,0,0,0,0,2,0,0,3,0,0,3,0,0,5,0,0,18765991.285556633,112146531.65976173,485000000.0,0.0,0.013407344571054311
187,0,0,1,0,0,0,0,0,1,0,0,0,0,0,0,2,0,0,0,3,0,0,6,0,0,2,0,0,3,0,0,97765160.78700104,116925103.54371348,115300000.0,959.6402540288207,0.007221935804677059
188,0,0,0,0,0,0,0,0,0,0,0,0,0,0,0,3,2,0,0,1,0,0,4,0,0,4,0,0,2,0,0,280541600.9820435,139177130.06099287,0.0,7241.440322044689,0.021086609457910323
189,0,0,0,0,0,0,0,1,1,0,0,0,0,0,0,0,3,0,0,0,0,0,2,0,0,2,0,0,5,0,0,129827343.44805825,108468079.91299632,61400000.0,0.0,0.08761886353003494
190,1,0,1,0,0,0,0,1,1,0,0,0,0,0,0,2,0,0,0,4,0,0,5,0,0,6,4,0,6,0,0,0.0,146877801.41645432,230600000.0,0.0,0.0
191,1,0,0,0,0,0,0,0,0,0,0,0,0,0,1,0,0,0,0,0,0,0,0,0,0,2,0,0,0,0,0,1421702164.0431266,7332080.219521779,340700000.0,0.0,1.5520316489404704
192,0,0,0,0,0,0,0,1,0,0,0,0,0,0,0,4,0,0,0,0,0,0,0,0,0,2,3,0,0,0,0,3751677250.9612284,16373078.863592021,30700000.0,36557.048844308505,0.21975911811143828
193,0,0,0,0,0,0,0,1,1,0,0,0,0,0,0,4,3,0,0,0,0,0,0,0,0,1,3,0,0,0,0,446405710.7124541,57354573.83472725,61400000.0,23959.51310268208,0.03778927086055832
194,0,0,0,0,0,0,0,1,0,0,0,0,0,0,0,0,1,0,0,0,0,0,2,0,0,2,0,0,0,0,0,1548932544.7959282,62194799.51248746,30700000.0,0.0,0.7875198280424581
195,0,1,1,1,0,0,1,0,1,1,1,1,0,0,0,3,0,0,0,1,0,0,5,0,0,1,0,2,0,0,0,44188240.70275968,80946943.0662917,812000000.0,1868.2833315953067,0.0035293241544381146
196,0,0,1,0,0,0,0,1,0,0,0,0,0,0,0,2,0,0,0,0,0,0,2,0,0,1,0,0,0,0,0,516577397.9305133,28488618.508469995,115300000.0,16447.270297920237,0.04757238366317594
197,1,0,0,0,0,0,0,0,1,0,0,0,0,0,0,1,0,0,0,0,0,0,0,0,0,6,0,0,0,0,0,807405434.0661441,12586457.998778107,115300000.0,14713.329721832064,0.25766748713513987
198,1,0,0,0,0,1,0,1,1,0,0,1,0,0,0,3,0,0,0,0,0,0,0,0,0,1,1,3,0,0,0,166117901.80980057,21898586.41832094,485000000.0,6759.666433163898,0.01583612631906525
199,0,0,0,0,0,0,0,1,0,0,0,0,0,0,0,2,3,0,0,3,0,0,6,0,0,2,0,0,5,0,0,30809739.099672385,165541758.99600428,30700000.0,1102.5823674529704,0.002780338288067226
200,0,0,1,0,0,0,0,0,0,0,0,0,0,0,0,2,1,0,0,0,0,0,3,0,0,3,0,0,0,0,0,366403086.75502,65346341.24213137,84600000.0,12254.692440565006,0.03696697272585027
201,1,1,1,0,0,0,1,1,0,0,1,0,0,0,0,2,0,0,0,0,0,0,0,0,0,1,0,1,0,0,0,168400936.7038455,12857587.774250694,436400000.0,5545.027471243036,0.01991221860155952
202,0,1,1,1,0,0,1,1,1,1,1,0,0,0,0,0,0,0,0,3,0,0,4,0,0,5,0,0,4,0,0,2959152.3535373285,118691967.3488581,721500000.0,0.0,0.002112191596716018
203,0,0,0,0,0,0,0,0,0,0,0,0,0,0,0,0,3,0,0,5,0,0,5,0,0,5,0,2,6,0,0,5889259.780463088,190515835.90958193,0.0,0.0,0.008181816931546614
204,0,1,1,0,0,0,0,0,0,0,1,0,0,0,0,2,0,0,0,0,0,0,3,0,0,2,0,1,0,0,0,225791357.0741288,38290267.756276876,290400000.0,7515.4927231056645,0.02313968537902058
205,0,1,0,1,0,0,1,0,1,1,1,0,0,0,0,2,0,0,0,1,0,0,1,0,0,5,0,0,3,0,0,46476329.98323036,99964707.30771917,606200000.0,1508.0654429763717,0.005334345846179605
206,0,0,1,0,0,0,0,1,1,0,0,0,0,0,0,2,0,0,0,3,0,0,3,0,0,2,0,0,5,0,0,92991715.79158342,116049488.07427776,146000000.0,803.6143398525002,0.00670675854919488
207,0,1,0,1,0,0,0,0,0,0,0,0,0,0,0,3,0,0,0,3,0,0,5,0,0,3,0,0,4,0,0,19351149.91773787,118471620.94751419,302400000.0,780.53293472102,0.0017070809110561788
208,0,1,1,0,0,0,0,1,1,1,1,1,0,0,0,3,0,0,0,3,0,0,3,0,0,5,0,0,3,0,0,2982242.8003975814,113461029.74309593,594200000.0,121.12428903824468,0.00025733796098275415
209,0,0,0,0,0,0,1,1,1,1,0,0,0,0,0,1,3,0,0,0,0,0,0,0,0,3,0,0,5,0,0,79490598.40598248,87421589.19127883,213300000.0,1587.5979233306564,0.020452075342664713
210,0,0,0,0,0,0,0,0,0,0,0,0,0,0,0,3,2,0,0,1,0,0,3,0,0,3,0,0,1,0,0,315662547.30116713,133188979.4230093,0.0,8475.130146216145,0.02640692146483253
211,0,1,1,0,0,0,0,1,1,0,0,0,0,0,0,1,0,0,0,0,0,0,3,0,0,2,0,0,1,0,0,134544727.36720458,56567326.75705689,230600000.0,2731.795171675769,0.03268132034946184
212,0,1,0,0,0,0,0,0,0,0,0,0,0,0,0,1,0,0,0,0,0,0,2,0,0,2,0,0,0,0,0,446633269.279011,29499898.418325532,84600000.0,7719.233884027137,0.10215138802706075
213,1,0,1,0,0,0,0,0,1,0,0,0,0,0,0,0,0,0,0,5,0,0,5,0,0,2,0,0,5,0,0,12214486.151110629,132217256.1211645,199900000.0,0.0,0.004990851120859388
214,0,1,1,0,0,0,0,0,0,0,0,0,0,0,0,0,0,0,0,3,0,0,5,0,0,2,0,0,4,0,0,27687722.95336543,117350293.47042792,169200000.0,0.0,0.01745855563551286
215,1,0,1,0,0,0,1,1,1,0,1,1,0,0,0,1,0,0,0,0,0,0,3,0,0,2,0,1,0,0,0,59519986.82323115,38290267.756276876,503700000.0,1197.8464832728741,0.014525087104089361
216,0,1,1,0,0,0,0,0,0,1,1,1,0,0,0,1,0,0,0,3,0,0,4,0,0,1,0,0,1,0,0,27956308.294819802,105604093.50124653,532800000.0,614.7068203009338,0.0060972861390912805
217,0,1,0,0,0,1,1,1,1,1,0,1,0,0,0,2,0,0,0,1,0,0,4,0,0,2,0,0,5,0,0,18424648.750117585,108657257.55388677,636900000.0,606.8182281364685,0.0019394978379802693
218,0,1,1,0,0,0,0,1,1,0,1,0,0,0,0,2,0,0,0,0,0,0,3,0,0,2,0,1,1,0,0,126402653.57074341,63327481.842450604,351800000.0,4230.462332961892,0.01281222318277519
219,1,0,0,0,0,0,1,1,1,0,0,0,0,0,0,0,0,0,0,0,0,0,4,0,0,2,1,0,3,0,0,173845408.71198195,70847140.88960192,176700000.0,0.0,0.09928246108342428
220,1,0,0,1,0,0,0,1,0,0,1,0,0,0,0,0,0,0,0,3,0,0,4,0,0,3,0,0,4,0,0,23543053.929104276,116076603.3592117,454300000.0,0.0,0.015591726508585174
221,0,1,0,0,0,0,0,0,0,0,0,0,0,0,0,3,1,0,0,0,0,0,4,0,0,2,0,0,0,0,0,366403086.75502,66430360.85599015,84600000.0,15224.653196748997,0.029573578180680207
222,0,0,1,0,0,0,1,1,0,0,0,0,0,0,0,3,1,0,0,0,0,0,0,0,0,5,0,0,1,0,0,173942947.62794656,68800886.86659013,146000000.0,6767.59537824898,0.016600695623355057
223,0,0,0,0,0,0,1,1,1,0,0,0,0,0,0,3,3,0,0,2,0,0,5,0,0,2,0,0,3,0,0,56473081.8556559,151591924.7183848,92100000.0,2582.8028724616706,0.00431529544552256
224,0,0,1,0,0,0,0,1,1,0,0,0,0,0,0,2,0,0,0,4,0,0,4,0,0,3,0,0,8,0,0,88085835.25170533,136679062.5363172,146000000.0,622.6149755472222,0.0062805467855682135
225,0,0,1,0,0,0,0,0,0,0,0,0,0,0,0,3,0,0,0,0,0,0,2,0,0,4,0,0,0,0,0,446633269.279011,31863013.5609688,84600000.0,15920.919885805968,0.03405046267568692
226,0,0,0,1,0,0,0,0,0,0,1,0,0,0,0,0,0,0,0,0,0,0,2,0,0,1,0,0,0,0,0,376987986.4118482,28488618.508469995,339000000.0,0.0,0.22551263572024205
227,0,1,1,0,0,0,1,0,0,1,1,0,0,0,0,2,0,0,0,0,0,0,3,0,0,1,0,5,0,0,0,128629808.11768088,41965833.84669805,442300000.0,4287.329603712336,0.013146200352814445
228,0,0,1,0,0,0,0,1,0,0,0,0,0,0,0,1,0,0,0,0,0,0,5,0,0,2,0,0,1,0,0,309351084.408296,61167691.43630445,115300000.0,4833.649327466036,0.06885458382406878
229,0,1,1,0,0,0,1,1,1,1,0,0,0,0,0,2,0,0,0,0,0,0,3,0,0,5,1,1,1,0,0,74422132.24218173,75513729.52656841,382500000.0,2487.9095383434487,0.007558026115346903
230,0,1,0,0,0,0,1,1,1,0,0,1,0,0,0,2,0,0,0,1,0,0,3,0,0,2,0,0,3,0,0,106211022.1204064,100126760.6650272,297900000.0,1222.4996426686912,0.008157226132689445
231,0,0,1,0,0,0,1,1,1,1,1,0,0,0,0,1,1,0,0,0,0,0,4,0,0,5,0,0,3,0,0,66615937.5110397,100518578.36510283,419100000.0,1224.701396710591,0.01578527316694529
232,0,0,0,0,0,0,0,1,0,0,0,0,0,0,0,2,3,0,0,1,0,0,1,0,0,2,0,0,3,0,0,128056946.82340086,138519521.4953628,30700000.0,4035.5129725891447,0.01668405210559714
233,0,1,0,0,0,0,0,0,1,0,0,0,0,0,0,1,3,0,0,0,0,0,2,0,0,0,0,0,3,0,0,290418458.15907025,94810849.89556003,115300000.0,6359.1886384375175,0.062445971757841265
234,0,0,0,0,0,0,0,0,1,0,0,0,0,0,0,2,2,0,0,0,0,0,3,0,0,2,0,0,1,0,0,362752869.2208039,93822529.99415897,30700000.0,8673.374536018679,0.033715809491273036
235,0,0,1,0,0,0,0,0,0,0,0,0,0,0,0,3,1,0,0,5,0,0,5,0,0,5,0,1,6,0,0,12985210.468271632,179722951.32038683,84600000.0,245.04909308516227,0.0014018800527375696
236,0,1,0,0,0,0,0,1,0,0,0,0,0,0,0,2,2,0,0,2,0,0,3,0,0,6,0,0,4,0,0,42127868.02534011,150235225.91593647,115300000.0,1381.2447246590996,0.004501341206490131
237,0,1,0,0,0,0,1,0,1,1,0,0,0,0,0,2,0,0,0,0,0,0,6,0,0,2,0,3,0,0,0,217559971.53703716,47771876.58230363,267200000.0,4990.20119970473,0.019314279698003575
238,0,0,0,0,0,0,0,1,0,0,0,0,0,0,0,1,3,0,0,3,0,0,5,0,0,2,0,1,4,0,0,28030881.421129867,166401954.21019793,30700000.0,594.135284550987,0.006284866126155976
239,0,0,1,0,0,0,0,1,1,0,0,0,0,0,0,2,1,0,0,1,0,0,7,0,0,5,0,0,2,0,0,72902163.0689734,143808586.4381582,146000000.0,2258.6480854882543,0.007373250949342401
240,1,0,1,0,0,0,0,0,0,0,0,0,0,0,0,1,0,0,0,0,0,0,3,0,0,3,0,0,0,0,0,359307136.06721145,32651440.14796943,169200000.0,7354.795121349676,0.08746054847918469
241,0,1,0,0,0,0,0,1,1,1,0,0,0,0,0,1,0,0,0,0,0,0,1,0,0,2,0,0,0,0,0,223050000.3933588,27631367.846842468,267200000.0,3096.7078525123657,0.04895613983908895
242,0,0,0,0,0,0,0,0,1,0,0,0,0,0,0,0,3,0,0,3,0,0,4,0,0,5,0,2,5,0,0,19107333.82099569,172956418.41021073,30700000.0,0.0,0.013884703555573499
243,0,0,0,0,0,0,0,0,0,0,0,0,0,0,0,2,3,0,0,1,0,0,5,0,0,1,0,3,2,0,0,166865746.365596,151976322.8847555,0.0,5915.047714417539,0.01572095480479576
244,0,0,0,0,0,0,0,0,0,0,0,0,0,0,0,0,3,0,0,3,0,0,4,0,0,3,0,0,5,0,0,25116306.64213386,161667668.2966854,0.0,0.0,0.022105245722244413
245,0,1,0,0,0,0,1,0,0,1,0,0,0,0,0,2,0,0,0,0,0,0,3,0,0,2,0,0,0,0,0,306703947.8968392,31530112.67088316,236500000.0,7956.8985917479695,0.028295560332869996
246,1,0,1,0,0,0,1,0,0,0,0,0,0,0,0,1,0,0,0,0,0,0,3,0,0,2,0,0,0,0,0,394672839.3320753,31530112.67088316,199900000.0,8592.539734336357,0.09522828259890748
247,0,1,0,0,0,0,0,1,0,0,0,0,0,0,0,0,0,0,0,0,0,0,3,0,0,2,0,0,2,0,0,309351084.408296,59108342.638538405,115300000.0,0.0,0.1912627328446355
248,0,0,1,0,0,0,1,0,1,0,0,0,0,0,0,0,0,0,0,3,0,0,1,0,0,3,0,0,4,0,0,125293985.36451685,109972511.44422594,146000000.0,0.0,0.0887688915994864
249,0,0,1,0,0,0,0,0,1,1,0,1,0,0,0,1,0,0,0,3,0,0,3,0,0,3,0,0,0,0,0,97483710.84142363,80494139.71106954,357700000.0,587.3594007006895,0.01736712590733439
250,1,0,0,0,0,0,0,0,0,0,0,0,0,0,0,0,0,0,0,0,0,0,4,0,0,2,0,0,0,0,0,446633269.279011,33735459.761828214,84600000.0,0.0,0.2837538556307243
251,0,0,1,0,0,0,0,0,0,0,0,0,0,0,0,0,1,0,0,3,0,0,4,0,0,2,0,0,4,0,0,40548830.365569964,147650176.97628734,84600000.0,0.0,0.02883864394022225
252,0,0,0,0,0,0,0,1,0,0,0,0,0,0,0,1,3,0,0,5,0,0,4,0,0,5,0,2,6,0,0,5783548.614902105,188120818.32127944,30700000.0,91.67810078591863,0.002852770967130377
253,0,0,1,0,0,0,0,0,0,0,0,0,0,0,0,2,1,0,0,2,0,0,4,0,0,3,0,0,5,0,0,72909376.02950156,147046779.84486872,84600000.0,2164.260246076609,0.008136417466624878
254,0,1,0,0,0,0,0,0,0,0,0,0,0,0,0,0,0,0,0,1,0,0,4,0,0,1,0,0,1,0,0,281083030.287066,96006515.88991046,84600000.0,0.0,0.16229711105170844
255,1,0,1,0,0,0,0,0,0,0,0,0,0,0,0,3,0,0,0,2,0,0,4,0,0,2,0,0,2,0,0,75225025.16509977,104132105.40098126,169200000.0,3094.0055470765965,0.006784041598353725
256,1,0,0,0,0,0,1,0,1,0,0,0,0,0,0,2,0,0,0,0,0,0,2,0,0,2,0,0,1,0,0,221820745.0046763,54537112.50449926,146000000.0,5138.841984714527,0.019733661693177817
257,0,0,0,0,0,0,0,1,0,0,0,1,0,0,0,3,3,0,0,1,0,0,4,0,0,2,0,0,1,0,0,78147458.7366721,139309301.45414227,151900000.0,3207.3281998614975,0.006520960694316704
258,1,0,1,0,0,0,0,1,1,0,1,0,0,0,0,0,0,0,0,2,0,0,5,0,0,5,0,0,5,0,0,18765991.285556633,119362260.32865569,351800000.0,0.0,0.013407344571054311
259,0,1,0,0,0,0,0,1,1,0,1,0,0,0,0,0,0,0,0,0,0,0,2,0,0,2,0,0,2,0,0,213488333.26002404,57078128.38598077,267200000.0,0.0,0.12607114821113188
260,0,1,1,0,0,0,0,1,1,1,0,0,0,0,0,0,0,0,0,3,0,0,4,0,0,2,0,1,5,0,0,17164711.281834386,125014990.25061654,351800000.0,0.0,0.0092888527565376
261,1,0,1,0,0,0,0,1,1,0,1,0,0,0,0,0,0,0,0,1,0,0,3,0,0,5,0,0,2,0,0,41359212.512323625,101090156.05703513,351800000.0,0.0,0.02893399589795822
262,0,0,1,0,0,0,1,1,0,0,0,0,0,0,0,0,0,0,0,3,0,0,2,0,0,2,0,0,2,0,0,154394187.79729518,104920827.94908087,146000000.0,0.0,0.0864710912686926
263,0,1,1,0,0,0,0,0,0,0,1,0,0,0,0,0,0,0,0,2,0,0,5,0,0,2,0,0,3,0,0,42457291.81663291,109300419.0640085,290400000.0,0.0,0.030469632296019167
264,0,0,1,0,0,0,1,0,0,1,0,0,0,0,0,0,0,0,0,0,0,0,4,0,0,2,0,0,0,0,0,306703947.8968392,33735459.761828214,236500000.0,0.0,0.18863706888579998
265,0,0,0,0,0,0,0,1,0,0,0,0,0,0,0,1,3,0,0,3,0,0,6,0,0,5,0,0,5,0,0,19107333.82099569,169278450.46273696,30700000.0,375.03982490637213,0.004998493280006459
266,0,0,0,0,0,0,0,0,1,0,0,0,0,0,0,0,3,0,0,3,0,0,5,0,0,2,0,3,4,0,0,26908937.340113487,168682797.76887447,30700000.0,0.0,0.016985293576601057
267,0,0,0,0,0,0,0,1,1,0,0,0,0,0,0,0,3,0,0,2,0,0,3,0,0,5,0,2,5,0,0,18863517.724253505,165726787.4276634,61400000.0,0.0,0.013543732852345503
268,0,0,0,0,0,0,0,0,1,0,0,0,0,0,0,1,3,0,0,0,0,0,5,0,0,0,0,0,2,0,0,290418458.15907025,98668132.75264049,30700000.0,6359.1886384375175,0.062445971757841265
269,1,0,1,0,0,0,0,1,1,0,1,0,0,0,0,3,0,0,0,2,0,0,4,0,0,1,0,2,2,0,0,38861076.18451628,110703449.1653782,351800000.0,1836.7235696880161,0.002689785241427505
270,0,0,0,0,0,0,0,0,0,0,0,0,0,0,0,1,3,0,0,0,0,0,2,0,0,3,1,0,0,0,0,359307136.06721145,79903886.91871665,0.0,7354.795121349676,0.08746054847918469
271,0,0,0,0,0,0,1,0,0,0,0,0,0,0,0,2,3,0,0,0,0,0,2,0,0,2,0,0,1,0,0,222024951.1964963,96828618.15887555,30700000.0,7419.587851699782,0.02256822678174697
272,0,1,0,0,0,0,1,1,1,0,1,0,0,0,0,0,3,0,0,0,0,0,1,0,0,2,0,0,1,0,0,74422132.24218173,94960087.58739248,297900000.0,0.0,0.05038684076897934
273,0,0,0,0,0,0,0,0,0,0,0,0,0,0,0,1,3,0,0,3,0,0,7,0,0,4,6,0,5,0,0,19351149.91773787,185124661.5165553,0.0,378.4402107738278,0.005121242733168536
274,0,1,1,0,0,0,0,1,1,0,0,0,0,0,0,2,0,0,0,0,0,0,5,0,0,2,0,0,2,0,0,129827343.44805825,63708707.31778596,230600000.0,4352.254328366697,0.013142829529505242
275,0,0,0,0,0,0,0,1,1,0,0,0,0,0,0,2,3,0,0,0,0,0,0,0,0,2,3,5,1,0,0,167493636.99992356,96795453.86671434,61400000.0,5430.778391007756,0.02026177696968293
276,0,0,0,0,0,0,1,1,1,0,1,0,0,0,0,2,3,0,0,0,0,0,0,0,0,4,0,0,2,0,0,79490598.40598248,79564930.98419657,213300000.0,2635.66061490441,0.008521698059443635
277,0,1,0,0,0,0,0,1,0,0,1,0,0,0,0,2,0,0,0,0,0,0,2,0,0,2,0,0,0,0,0,315616548.76161575,29499898.418325532,236500000.0,8198.879152460338,0.030073147063407028
278,0,1,0,0,0,0,0,1,1,0,0,0,0,0,0,1,0,0,0,0,0,0,5,0,0,2,0,0,2,0,0,217103361.08552998,63708707.31778596,146000000.0,2985.194607497863,0.046222258584977485
279,0,1,1,0,0,0,0,1,0,0,0,0,0,0,0,0,0,0,0,3,0,0,4,0,0,4,0,0,5,0,0,19107333.82099569,120617950.3078661,199900000.0,0.0,0.013884703555573499
280,1,0,0,0,0,0,1,0,1,0,0,0,0,0,0,0,0,0,0,3,0,0,5,0,0,4,0,3,5,0,0,91051795.61222681,132682400.55761212,146000000.0,0.0,0.04399202432771767
281,0,0,0,0,0,0,0,0,0,0,0,0,0,0,0,3,3,0,0,4,0,0,5,0,0,3,0,0,5,0,0,24195756.59421031,169578559.9220987,0.0,1014.336336417584,0.001953095376805446
282,0,1,1,0,0,0,1,0,1,0,0,1,0,0,0,1,0,0,0,0,0,0,5,0,0,3,0,0,1,0,0,126402653.57074341,62289018.913390726,351800000.0,2548.231428795869,0.030749335638660447
283,1,1,0,0,0,0,0,1,1,0,0,0,0,0,0,2,0,0,0,0,0,0,0,0,0,2,0,0,0,0,0,433249329.34251034,7332080.219521779,230600000.0,15911.976107384093,0.04664219673121813
284,0,1,0,0,0,0,1,0,1,0,0,0,0,0,0,2,0,0,0,3,0,0,7,0,0,5,0,0,4,0,0,91051795.61222681,126510149.5448742,146000000.0,719.7338582813213,0.006598803649157651
285,0,0,1,0,0,0,1,1,0,0,1,0,0,0,0,1,0,0,0,0,0,0,3,0,0,2,0,0,0,0,0,217559971.53703716,31530112.67088316,267200000.0,3005.8623697044964,0.046354271275208574
286,0,1,1,0,0,0,0,0,0,0,0,0,0,0,0,2,0,0,0,3,0,0,5,0,0,4,0,0,4,0,0,19351149.91773787,119713408.61307119,169200000.0,628.2698811674877,0.002133851138820224
287,0,1,0,0,0,0,0,0,0,0,0,0,0,0,0,0,0,0,0,3,0,0,6,0,0,1,0,0,2,0,0,161769367.4072222,113140527.5591332,84600000.0,0.0,0.0744715690054118
288,1,0,0,0,0,0,1,1,0,0,0,0,0,0,0,0,3,0,0,0,0,0,3,0,0,2,0,0,1,0,0,134544727.36720458,98858832.41143318,146000000.0,0.0,0.0907814454151718
289,0,1,0,0,0,0,1,0,0,0,0,1,0,0,0,2,0,0,0,2,0,0,5,0,0,6,0,0,2,0,0,106698654.31389076,111781500.76854008,236500000.0,1233.7899863692278,0.008259517343657843
290,0,1,1,0,0,0,1,1,0,0,0,0,0,0,0,3,0,0,0,1,0,0,4,0,0,2,0,0,5,0,0,60274452.91647132,108657257.55388677,230600000.0,2498.4494352408506,0.00495629693257571
291,0,0,1,0,0,0,0,1,0,0,0,0,0,0,0,3,0,0,0,3,0,0,4,0,0,2,0,0,3,0,0,97765160.78700104,111929685.36730832,115300000.0,1192.2118920640407,0.005777548643741646
292,1,0,0,0,0,0,0,1,1,0,0,0,0,0,0,1,0,0,0,3,0,0,4,0,0,2,0,0,3,0,0,92991715.79158342,111929685.36730832,146000000.0,484.05946118174114,0.016096220518067708
293,0,0,0,0,0,0,1,0,0,0,0,0,0,0,0,0,3,0,0,0,0,0,4,0,0,2,0,0,1,0,0,222024951.1964963,101064179.50237823,30700000.0,0.0,0.15045484521164645
294,0,1,0,0,0,0,0,1,0,0,0,0,0,0,0,3,3,0,0,4,0,0,6,0,0,5,0,0,5,0,0,3066907.772218504,174794324.49984777,115300000.0,123.55965119678874,0.0002715461820311378
295,0,0,1,0,0,0,0,1,1,0,0,0,0,0,0,1,0,0,0,0,0,0,3,0,0,2,0,0,1,0,0,221820745.0046763,56567326.75705689,146000000.0,3095.3965837339274,0.04736078806362676
296,0,0,0,0,0,0,0,0,0,0,0,0,0,0,0,1,0,0,0,0,0,0,0,0,0,1,0,0,0,0,0,3783162961.2977214,6320800.309666242,0.0,15753.647820550166,0.6735012421747489
297,0,0,0,0,0,0,0,0,0,0,0,0,0,0,0,2,2,0,0,0,0,0,0,0,0,2,3,0,0,0,0,1689709973.9252348,53628282.1006941,0.0,47342.96173503238,0.27874684930294635
298,0,0,0,0,0,0,1,1,0,0,0,0,0,0,0,0,0,0,0,0,0,0,0,0,0,2,0,3,0,0,0,3751677250.9612284,16373078.863592021,61400000.0,0.0,1.8313259842619856
299,0,1,0,0,0,1,1,1,0,1,0,1,0,0,1,3,0,0,0,3,0,0,4,0,0,0,0,0,0,0,0,49726151.24074891,74246079.10540655,862300000.0,2509.2670265440693,0.0034506038075481013
300,0,1,0,0,0,0,0,0,0,0,0,0,0,0,0,1,0,0,0,0,0,0,1,0,0,2,0,0,0,0,0,664316270.4611531,27631367.846842468,84600000.0,11347.420671876165,0.20490185815211903
301,0,1,1,0,0,0,0,1,1,0,1,1,1,0,0,0,0,0,0,3,0,0,4,0,0,5,0,0,2,0,0,17385462.119319998,112893080.75931625,729100000.0,0.0,0.011955066595557493
302,0,0,0,0,0,0,1,1,0,0,0,0,0,0,0,1,3,0,0,0,0,0,5,0,0,5,0,0,2,0,0,127887423.26870164,109736904.43889494,61400000.0,2571.0675406580067,0.03128369911072322
303,0,0,0,0,0,0,0,1,0,0,0,0,0,0,0,1,2,0,0,0,0,0,1,0,0,2,0,0,0,0,0,535400757.3563829,64886571.083944544,30700000.0,9347.761831243739,0.12198248110177001
304,0,1,1,1,0,0,0,0,1,1,0,0,0,0,0,1,0,0,0,0,0,0,0,0,0,5,0,0,0,0,0,313907084.5447312,11068771.68625446,538900000.0,6062.550599865426,0.09682753053693038
305,0,1,0,0,0,0,0,0,0,0,0,0,0,0,0,2,0,0,0,0,0,0,2,0,0,2,0,0,0,0,0,446633269.279011,29499898.418325532,84600000.0,12815.134377779425,0.04256307834460865
306,0,0,0,0,0,0,0,1,0,0,0,0,0,0,0,2,1,0,0,0,0,0,1,0,0,2,0,0,0,0,0,1548932544.7959282,60326268.941004395,30700000.0,11460.409331677405,0.11812797420636872
307,0,0,1,0,0,0,0,0,1,0,0,0,0,0,0,1,0,0,0,1,0,0,3,0,0,2,0,0,1,0,0,253537639.2022637,94812448.70882094,115300000.0,3942.643193285114,0.055403328495359117
308,0,1,1,0,0,0,0,0,0,0,0,1,0,0,0,0,0,0,0,0,0,0,4,0,0,2,0,0,0,0,0,225791357.0741288,33735459.761828214,290400000.0,0.0,0.15426456919347048
309,0,1,1,0,0,0,0,1,0,0,1,0,0,0,0,0,0,0,0,4,0,0,4,0,0,6,0,1,5,0,0,3051514.1409783363,136757692.18947056,321100000.0,0.0,0.0022413572426104155
310,0,1,0,1,0,0,1,1,1,1,1,0,0,0,0,0,0,0,0,3,0,0,4,0,0,3,0,1,0,0,0,72323817.01857957,89690642.17094317,636900000.0,0.0,0.048583272785782096
311,1,0,1,0,0,0,0,1,1,0,0,0,0,0,0,1,0,0,0,1,0,0,0,0,0,2,0,0,5,0,0,94516642.66876137,82253878.01158032,230600000.0,1784.5033580269187,0.03098856301556387
312,0,0,0,0,0,0,0,1,1,0,0,1,0,0,0,1,3,0,0,3,0,0,5,0,0,4,0,0,4,0,0,7760714.504716771,162004914.26744747,182600000.0,152.77970141446085,0.002010969997634709
313,1,1,0,0,0,0,1,1,1,0,1,0,0,0,0,1,0,0,0,3,0,0,5,0,0,4,0,0,5,0,0,2974545.984777496,123012967.89616859,382500000.0,58.619584231940365,0.0007681389135714301
314,0,0,0,0,0,0,0,0,0,0,0,0,0,0,0,0,3,0,0,0,0,0,7,0,0,2,0,0,0,0,0,359307136.06721145,83845147.61222062,0.0,0.0,0.24294596799773527
315,0,0,0,1,0,0,1,1,1,1,1,0,0,0,0,2,3,0,0,0,0,0,0,0,0,2,0,1,5,0,0,59519986.82323115,93060416.79958628,552300000.0,1988.6123257459826,0.0060521196267039005
316,0,0,0,0,0,0,1,1,1,0,0,0,0,0,0,2,3,0,0,3,0,0,6,0,0,2,0,0,5,0,0,15204425.767128292,165541758.99600428,92100000.0,587.1465997730655,0.0010719146899310307
317,1,0,0,0,0,0,1,1,1,0,0,0,0,0,0,2,0,0,0,0,0,0,0,0,0,1,0,0,2,0,0,259132553.0586943,33899030.27732149,176700000.0,6875.423689351159,0.02363614420308097
318,0,0,0,0,0,0,0,1,0,0,0,0,0,0,0,1,3,0,0,7,0,0,6,0,0,4,0,0,6,0,0,2452001.051790539,196974621.38992563,30700000.0,56.2569572333824,0.00038147955224384635
319,0,0,0,0,0,0,0,0,0,0,0,0,0,0,0,2,2,0,0,0,0,0,3,0,0,2,3,0,1,0,0,467943664.667616,102863528.6382292,0.0,12190.639205664655,0.044410468160030886
320,0,0,0,0,0,0,1,1,1,0,0,0,0,0,0,0,3,0,0,3,0,0,7,0,0,3,0,0,6,0,0,8807772.91085734,173082847.03613102,92100000.0,0.0,0.0046329158897436915
321,0,1,1,0,0,0,0,1,1,1,0,1,0,0,0,1,0,0,0,3,0,0,5,0,0,2,0,1,0,0,0,73694627.81726037,90733331.99862453,473000000.0,1720.1014135849614,0.01747459025717395
322,0,0,1,1,0,0,1,0,1,1,0,0,0,0,0,1,0,0,0,2,0,0,4,0,0,0,0,0,3,0,0,69610712.77064624,99573321.25618422,485000000.0,1763.6996291307887,0.011080700577342104
323,0,0,0,0,0,0,0,0,0,0,0,1,0,0,0,0,3,0,0,3,0,0,5,0,0,3,0,0,3,0,0,19253623.479041,157737536.0870734,121200000.0,0.0,0.014089285977510298
324,1,0,0,0,0,0,1,0,1,0,0,1,0,0,0,3,0,0,0,0,0,0,0,0,0,2,0,1,0,0,0,250920546.60503626,14092235.304915495,267200000.0,7373.820344055259,0.02062123699599857
325,0,0,0,0,0,0,0,0,0,0,0,0,0,0,0,1,2,0,0,0,0,0,2,0,0,5,0,2,1,0,0,467943664.667616,104202393.33221297,0.0,7343.067380353297,0.1065851235840741
326,0,0,0,0,0,0,0,0,0,0,0,0,0,0,0,1,2,0,0,0,0,0,2,0,0,2,0,0,0,0,0,500035054.0915191,66755101.655427605,0.0,8110.017218257059,0.11421474698204723
327,0,1,0,0,0,0,0,1,1,0,0,0,0,0,0,0,0,0,0,0,0,0,4,0,0,0,0,0,1,0,0,294674910.46158,51440593.628480166,146000000.0,0.0,0.1562265128139913
328,1,1,0,0,0,0,1,1,1,0,0,0,0,0,0,1,0,0,0,0,0,0,4,0,0,6,0,1,4,0,0,86396573.59119284,80099559.30616227,261300000.0,1738.615249986587,0.02108337046476108
329,0,0,0,0,0,0,0,1,0,0,0,1,0,0,0,1,3,0,0,4,0,0,4,0,0,2,0,0,5,0,0,14433450.851344233,166062214.8567099,151900000.0,345.210186493859,0.0024046149407131266
330,0,1,0,1,0,0,1,1,1,0,0,0,0,0,0,2,0,0,0,3,0,0,4,0,0,2,0,0,4,0,0,15204425.767128292,114955275.88212542,394500000.0,587.1465997730655,0.0010719146899310307
331,0,0,1,0,0,0,0,0,0,0,0,0,0,0,0,0,0,0,0,4,0,0,5,0,0,3,0,0,5,0,0,91128763.76842766,127287054.2677224,84600000.0,0.0,0.044099662365963
332,0,0,0,0,0,0,0,0,0,0,0,0,0,0,0,3,3,0,0,1,0,0,5,0,0,0,0,0,1,0,0,213559995.7887465,134372238.822923,0.0,9968.095360123674,0.014649120644059233
333,0,1,0,0,0,0,0,0,0,0,0,0,0,0,0,3,3,0,0,0,0,0,2,0,0,2,0,0,0,0,0,359307136.06721145,71791404.07270183,84600000.0,15169.264937783708,0.02915351615972823
334,0,0,0,0,0,0,0,1,0,0,0,0,0,0,0,3,3,0,0,1,0,0,2,0,0,0,0,0,2,0,0,201663146.77049053,130282675.77259934,30700000.0,9193.216090764075,0.01634592511081265
335,0,1,1,0,0,0,1,1,1,0,0,0,0,0,0,4,0,0,0,0,0,0,5,0,0,5,0,0,2,0,0,86396573.59119284,67445398.78451864,261300000.0,4183.5429452802255,0.007027790154920361
336,0,1,0,0,0,0,1,1,1,0,1,0,0,0,0,2,0,0,0,3,0,0,4,0,0,3,0,0,2,0,0,88085835.25170533,110277716.76966985,297900000.0,622.6149755472222,0.0062805467855682135
337,0,0,0,0,0,0,0,1,1,0,1,0,0,0,0,0,3,0,0,0,0,0,5,0,0,1,0,0,0,0,0,137323396.52989134,77410703.09465149,182600000.0,0.0,0.09044675171528553
338,0,0,1,0,0,0,0,1,0,0,0,0,0,0,0,2,1,0,0,2,0,0,4,0,0,5,0,0,5,0,0,49223818.71314865,149662143.83451512,115300000.0,1425.8280770459344,0.005026418732680102
339,0,0,1,0,0,0,0,1,0,1,0,0,0,0,0,1,0,0,0,0,0,0,3,0,0,5,0,0,0,0,0,306703947.8968392,35266804.137615845,236500000.0,4792.861269382307,0.06790934479888798
340,1,0,0,0,0,0,1,0,1,0,0,0,0,0,0,0,0,0,0,0,0,0,4,0,0,2,0,0,1,0,0,221820745.0046763,58772673.84800194,146000000.0,0.0,0.13155774462118544
341,0,1,1,0,0,0,1,0,0,1,0,1,0,0,0,0,0,0,0,0,0,0,5,0,0,1,0,0,0,0,0,128629808.11768088,35119197.44027519,442300000.0,0.0,0.08764133568542962
342,0,0,0,0,0,0,0,1,0,0,0,0,0,0,0,0,3,0,0,2,0,0,5,0,0,2,1,0,3,0,0,44906725.70388263,158352079.8037785,30700000.0,0.0,0.03108656850217133
343,0,0,0,0,0,0,0,1,0,0,0,0,0,0,0,1,3,0,0,5,0,0,5,0,0,2,0,0,6,0,0,12214486.151110629,178105758.31897032,30700000.0,294.8352094699248,0.0017967064035093792
344,0,0,1,0,0,0,0,1,0,1,1,0,0,0,0,3,0,0,0,3,0,0,5,0,0,2,0,0,1,0,0,91059492.42784691,109010390.99940455,357700000.0,894.3848722599563,0.005280334575785064
345,0,1,0,1,0,0,1,1,0,0,0,0,0,0,0,0,0,0,0,2,0,0,2,0,0,2,0,0,3,0,0,27200090.759881064,102669840.13220331,363800000.0,0.0,0.016776614229056873
346,0,0,1,0,0,0,0,0,0,0,0,0,0,0,0,1,0,0,0,3,0,0,4,0,0,2,3,0,4,0,0,113451793.63351133,123996274.52619568,84600000.0,856.4090697886966,0.022917700506074962
347,0,1,0,1,0,0,0,1,1,1,0,1,0,0,0,2,0,0,0,0,0,0,2,0,0,1,0,0,0,0,0,100778365.57281558,28488618.508469995,606200000.0,3378.2366372640713,0.010195880520053477
348,0,0,1,0,0,0,0,1,1,0,1,0,0,0,0,3,0,0,0,3,0,0,2,0,0,6,0,0,2,0,0,88085835.25170533,110175205.7283372,267200000.0,773.5075460916078,0.00502443742845457
349,0,0,0,0,0,0,0,0,1,0,0,0,0,0,0,3,3,0,0,1,0,0,3,0,0,1,0,0,5,0,0,144890858.72753233,147732136.2074625,30700000.0,6780.919461134596,0.009812714092466654
350,1,0,1,0,0,0,1,1,1,0,0,0,0,0,0,3,0,0,0,0,0,0,0,0,0,2,0,2,7,0,0,119350820.6029526,59367322.17786802,261300000.0,4814.235923907533,0.0118667185192542
351,0,1,1,0,0,0,1,0,1,0,0,0,0,0,0,0,0,0,0,0,0,0,4,0,0,1,0,0,1,0,0,181830637.3862321,57761393.93814641,230600000.0,0.0,0.10698386019609381
352,0,1,0,0,0,0,1,0,1,0,0,0,0,0,0,2,0,0,0,0,0,0,3,0,0,2,0,0,3,0,0,217103361.08552998,61881638.71326314,146000000.0,4955.889485103875,0.019259274410407288
353,0,0,0,0,0,0,0,1,1,0,0,0,0,0,0,2,2,0,0,3,0,0,0,0,0,2,0,0,4,0,0,229724308.326991,125807099.57692106,61400000.0,3852.8766105470204,0.02720952935335787
354,0,1,1,0,0,0,0,1,1,1,0,0,0,0,0,1,0,0,0,2,0,0,4,0,0,5,0,0,5,0,0,18765991.285556633,116967242.7403532,351800000.0,370.2792846919342,0.004826644045579552
355,0,0,1,0,0,1,0,0,0,0,1,0,0,0,0,2,0,0,0,3,0,0,4,0,0,2,0,0,2,0,0,25187443.278785847,109156389.29258357,423600000.0,882.2064200559387,0.002444279569944732
356,0,0,0,0,0,0,0,0,0,0,0,0,0,0,0,1,3,0,0,4,0,0,5,0,0,3,0,3,6,0,0,22580887.70205283,182525493.76911688,0.0,454.0130274838283,0.00561327166466707
357,1,0,1,0,0,0,1,1,1,0,1,1,0,0,0,3,0,0,0,0,0,0,0,0,0,1,1,1,0,0,3,59739071.992712796,49969268.90202439,503700000.0,2482.9743438362457,0.004850680269355558
358,0,0,1,0,0,0,1,1,1,0,0,0,0,0,0,2,0,0,0,0,0,0,5,0,0,3,3,1,2,0,0,173198768.6521964,81912577.30634156,176700000.0,3476.8649838483952,0.014856384195834568
359,0,1,0,0,0,0,0,1,1,0,1,0,0,0,0,2,0,0,0,3,0,0,4,0,0,1,0,0,2,0,0,103256117.35575476,108145109.38272804,267200000.0,1314.7005637564855,0.007056809035512875
360,0,0,0,0,0,0,1,1,0,0,0,0,0,0,0,2,3,0,0,0,1,0,4,0,0,4,0,3,2,0,0,86499949.34367712,153882865.1397106,61400000.0,2898.8344376661194,0.008910407158590958
361,0,0,1,0,0,0,1,0,0,0,0,0,0,0,0,1,0,0,0,1,0,0,4,0,0,3,0,0,1,0,0,251597719.02290708,98139123.27685227,115300000.0,3892.1175385034153,0.05514423673526976
362,0,1,0,0,0,0,0,0,0,0,0,0,0,0,0,1,0,0,0,6,0,0,6,0,0,2,0,1,5,0,0,89379115.37127641,148212812.30402648,84600000.0,408.7177315958511,0.015246040125423277
363,0,0,1,0,0,0,0,0,1,0,0,0,0,0,0,0,0,0,0,3,0,0,3,0,0,5,0,1,3,0,0,95825240.60764444,120938135.83799416,115300000.0,0.0,0.047426539364265524
364,0,0,0,0,0,0,0,0,0,0,0,0,0,0,0,1,3,0,0,2,0,0,5,0,0,5,0,0,2,0,0,67519948.26134717,152555320.11039275,0.0,1357.9686292677532,0.017256387308132372
365,1,1,0,0,0,0,0,1,1,0,0,0,0,0,0,0,0,0,0,1,0,0,4,0,0,5,0,0,2,0,0,65806212.381164856,103295503.1479802,230600000.0,0.0,0.04565448948768287
366,1,0,1,0,0,0,0,1,0,0,0,0,0,0,0,0,0,0,0,1,0,0,3,0,0,2,0,0,2,0,0,92557961.3925797,97353464.59030245,199900000.0,0.0,0.0638051868695553
367,1,0,0,0,0,0,1,1,1,0,0,0,0,0,0,1,0,0,0,3,0,0,0,0,0,1,0,0,6,0,0,174476172.7017864,94437172.25649035,176700000.0,2430.58395016542,0.03623244352104819
368,0,0,0,0,0,0,0,1,0,0,0,0,0,0,0,1,2,0,0,0,0,0,4,0,0,2,0,0,1,0,0,362752869.2208039,96027877.08510402,30700000.0,5224.432661695959,0.08091794277905526
369,1,0,0,0,0,0,0,1,1,0,0,0,0,0,0,3,0,0,0,0,0,0,3,0,0,4,0,0,1,0,0,219880824.8253197,58930441.89970016,146000000.0,6280.046290963972,0.01570056543451247
370,0,0,1,0,0,0,0,0,1,0,0,0,0,0,0,1,0,0,0,1,0,0,5,0,0,2,0,0,3,0,0,179884094.60437933,104727125.34427476,115300000.0,2217.427085618044,0.03766070682091596
371,0,1,1,0,0,0,0,0,0,0,0,0,0,0,0,1,0,0,0,3,0,0,4,0,0,2,5,0,5,0,0,27895164.320676383,130092990.0725159,169200000.0,540.0782757108976,0.008345834225213355
372,0,1,1,0,0,0,1,1,1,0,1,0,0,0,0,2,0,0,0,0,0,0,5,0,0,1,0,0,1,0,0,89592414.34623116,60156411.52644892,382500000.0,3179.9951265527125,0.008334288365291563
373,0,1,0,0,0,0,0,1,1,0,1,1,0,0,0,3,0,0,0,2,0,0,2,0,0,5,0,0,2,0,0,95645160.62513284,103633235.52421126,388400000.0,1082.8227831618751,0.005660964242409093
374,0,0,1,0,0,0,0,1,0,0,0,0,0,0,0,2,1,0,0,2,0,0,4,0,0,2,0,3,3,0,0,54781534.070233695,148641301.21393818,115300000.0,1658.2779999661764,0.005349706870351239
375,0,0,0,0,0,0,0,1,1,0,0,0,0,0,0,2,3,0,0,0,0,0,3,0,0,2,0,0,1,0,0,134544727.36720458,98858832.41143318,61400000.0,4535.20682797735,0.013617216812275772
376,0,0,1,0,0,0,0,1,1,0,0,0,0,0,0,2,0,0,0,3,0,0,0,0,0,2,0,2,5,0,0,126587265.48408793,99693184.03612298,146000000.0,1727.1460634066325,0.013387303673281115
377,0,0,1,0,0,0,0,1,1,0,0,0,0,0,0,3,0,0,0,1,0,0,4,0,0,2,0,0,3,0,0,147550470.55394307,102332107.75597227,146000000.0,3248.3773476108026,0.009849452837297346
378,0,1,1,0,0,0,0,0,0,0,0,0,0,0,0,0,0,0,0,0,0,0,2,0,0,5,0,0,0,0,0,359307136.06721145,33236589.885058213,169200000.0,0.0,0.24294596799773527
379,0,0,1,0,0,0,0,0,0,0,0,0,0,0,0,1,0,0,0,3,0,0,3,0,0,0,0,1,1,0,0,227638398.0667168,103398746.41030146,84600000.0,3579.3212366234275,0.049891149394593694
380,0,1,0,0,0,0,0,0,0,0,0,0,0,0,0,1,0,0,0,3,0,0,5,0,0,5,0,0,5,0,0,107039996.84932981,124386544.220258,84600000.0,747.9375672980198,0.019994690859205726
381,0,0,1,0,0,0,0,0,1,0,0,0,0,0,0,3,0,0,0,3,0,0,4,0,0,3,0,0,5,0,0,95825240.60764444,119376162.6423091,115300000.0,1088.002729076788,0.005691184723711863
382,0,0,0,0,0,0,1,1,0,0,0,0,0,0,0,0,3,0,0,0,0,0,3,0,0,3,0,0,1,0,0,132604807.18784797,99980159.88851945,61400000.0,0.0,0.09006174608159027
383,0,0,1,0,0,0,0,0,1,0,0,0,0,0,0,1,0,0,0,2,0,0,3,0,0,4,0,0,5,0,0,106796180.75258765,113388319.32531872,115300000.0,744.5371814305641,0.019871941406043647
384,1,0,0,0,0,0,1,1,0,0,0,0,0,0,0,1,3,0,0,0,0,0,3,0,0,2,0,0,1,0,0,134544727.36720458,98858832.41143318,146000000.0,2731.795171675769,0.03268132034946184
385,0,1,1,0,0,0,0,0,0,1,0,0,0,0,0,0,0,0,0,3,0,0,4,0,0,0,0,1,3,0,0,60184805.103698835,110918405.45745277,290400000.0,0.0,0.028131203088025056
386,0,1,0,0,0,0,0,0,0,0,0,0,0,0,0,3,0,0,0,3,0,0,5,0,0,4,0,0,5,0,0,107039996.84932981,123012967.89616859,84600000.0,1542.6212325521658,0.0066648969530685755
387,0,0,0,0,0,0,0,0,1,0,0,0,0,0,0,0,3,0,0,2,0,0,3,0,0,2,0,0,5,0,0,50464441.06096767,153316709.83705175,30700000.0,0.0,0.03324182275331224
388,1,0,1,0,0,0,0,1,1,0,0,0,0,0,0,0,0,0,0,2,0,0,4,0,0,5,0,0,5,0,0,18863517.724253505,116967242.7403532,230600000.0,0.0,0.013543732852345503
389,0,0,1,0,0,0,0,0,1,0,0,0,0,0,0,0,0,0,0,2,0,0,3,0,0,2,0,0,5,0,0,108736100.93194425,111025204.18267545,115300000.0,0.0,0.05591953657259166
390,1,0,0,0,0,0,0,0,0,0,0,0,0,0,0,1,0,0,0,4,0,0,5,0,0,3,0,0,5,0,0,91128763.76842766,127287054.2677224,84600000.0,434.6072442660678,0.015875878451746678
391,0,1,1,0,0,0,0,0,0,0,0,0,0,0,0,3,0,0,0,5,0,0,5,0,0,2,0,0,5,0,0,18103745.93157372,132217256.1211645,169200000.0,797.758453651591,0.0015807201662887199
392,0,0,0,0,0,0,0,0,1,0,0,0,0,0,0,0,3,0,0,3,0,0,4,0,0,2,0,0,5,0,0,30809739.099672385,160546340.8195991,30700000.0,0.0,0.018535588587114838
393,0,0,1,0,0,0,0,1,1,0,0,0,0,0,0,2,3,0,0,2,0,0,3,0,0,2,0,0,5,0,0,27200090.759881064,153316709.83705175,146000000.0,965.6544218473143,0.0025164921343585316
394,0,0,1,1,0,0,1,1,0,0,1,0,0,0,0,2,0,0,0,0,0,0,2,0,0,2,0,0,0,0,0,130474291.84775655,29499898.418325532,485000000.0,4391.845739760611,0.013215830649108981
395,0,1,1,0,0,0,1,1,1,0,0,0,0,0,0,3,0,0,0,3,0,0,5,0,0,4,0,0,5,0,0,5441940.667808203,123012967.89616859,261300000.0,237.37565989196344,0.00038578946818964676
396,0,1,0,1,0,0,0,1,1,0,0,1,0,0,0,0,0,0,0,0,0,0,2,0,0,2,0,0,0,0,0,130474291.84775655,29499898.418325532,485000000.0,0.0,0.08810553766072653
397,1,1,0,0,0,0,0,1,1,1,1,1,0,0,0,0,0,0,0,0,0,0,4,0,0,5,0,0,0,0,0,85893702.23008348,37472151.228560895,594200000.0,0.0,0.058061979350135254
398,0,0,0,0,0,0,0,0,0,0,0,0,0,0,0,2,0,0,0,0,0,0,0,0,0,1,0,0,0,0,0,3783162961.2977214,6320800.309666242,0.0,26153.51688958524,0.2806255175728121
399,1,0,1,0,0,0,1,1,0,0,0,0,0,0,0,3,0,0,0,0,0,0,3,0,0,0,0,0,0,0,0,403419419.4674865,24198032.45136138,230600000.0,19418.353444907465,0.02940942540048208
400,1,1,0,1,0,0,0,0,1,1,1,0,0,0,0,0,0,0,0,1,0,0,4,0,0,1,0,3,0,0,0,62857313.511161074,79711569.67442146,660100000.0,0.0,0.04360632059129717
401,0,0,1,1,0,0,0,0,1,1,1,1,0,0,0,0,0,0,0,1,0,0,4,0,0,2,0,2,0,0,0,41469020.44275457,79822310.12679887,696700000.0,0.0,0.029087559537764335
402,0,1,1,1,0,1,1,1,1,1,1,0,0,0,0,0,0,0,0,3,0,0,4,0,0,2,0,0,4,0,0,8037552.879939751,114955275.88212542,939300000.0,0.0,0.004098957615707189
403,0,0,0,0,0,0,0,0,1,0,0,0,0,0,0,3,2,0,0,0,0,0,3,0,0,2,0,0,1,0,0,362752869.2208039,93822529.99415897,30700000.0,10775.392364747913,0.026972647593018418
404,0,1,1,0,0,0,0,0,0,0,0,0,0,0,0,2,0,0,0,0,0,0,3,0,0,0,1,0,0,0,0,382481819.85694945,30518832.761027623,169200000.0,13273.025685001248,0.03761201857833938
405,1,0,0,0,0,0,1,1,0,0,0,0,0,0,0,3,2,0,0,0,0,0,2,0,0,2,0,0,1,0,0,134544727.36720458,91792315.74160133,146000000.0,5634.327541581273,0.010893773449820614
406,0,1,0,0,0,0,0,1,1,0,0,0,0,0,0,1,0,0,0,0,0,0,3,0,0,0,0,0,0,0,0,490695437.1049582,24198032.45136138,146000000.0,9778.560658073899,0.10290774391561114
407,0,0,0,0,0,0,0,0,0,0,0,0,0,0,0,3,2,0,0,0,0,0,4,0,0,2,0,0,0,0,0,500035054.0915191,70990662.99893029,0.0,16726.910512655184,0.03807158232734907
408,0,0,1,0,0,0,0,0,0,0,0,0,0,0,0,0,1,0,0,0,0,0,3,0,0,2,0,0,1,0,0,334311697.3311169,89262227.85121882,84600000.0,0.0,0.2252530865112986
409,1,1,0,0,0,0,1,1,1,0,0,0,0,0,0,0,0,0,0,0,0,0,5,0,0,2,0,0,5,0,0,88336493.77054945,72807153.19042522,261300000.0,0.0,0.0592846172912512
410,0,0,0,0,0,0,1,1,1,0,0,0,0,0,0,1,3,0,0,2,0,0,4,0,0,5,0,0,6,0,0,18619701.627511326,162855744.938159,92100000.0,368.2390531714608,0.004752994373682304
411,1,1,1,0,0,0,1,1,1,1,0,1,0,0,0,2,0,0,0,0,0,0,0,0,5,5,0,1,2,0,0,59519986.82323115,74922504.87941687,588300000.0,1988.6123257459826,0.0060521196267039005
412,0,0,1,0,0,0,0,0,1,0,0,0,0,0,0,1,0,0,0,4,0,0,3,0,0,3,0,0,7,0,0,88085835.25170533,130203527.29331997,115300000.0,375.0339617413855,0.01507331228536371
413,1,1,1,0,0,0,1,1,1,1,0,0,0,0,0,3,0,0,0,0,0,0,0,0,0,5,0,2,4,0,0,79490598.40598248,53119274.3673305,467100000.0,3274.420716869479,0.006817358447554905
414,1,1,0,0,0,0,1,1,1,1,0,0,0,0,0,3,0,0,0,1,0,0,4,0,0,5,0,0,2,0,0,40659346.757742435,103295503.1479802,382500000.0,1672.892718714765,0.003368533231150347
415,1,0,1,0,0,0,0,1,0,0,0,0,0,0,0,2,0,0,0,5,0,0,5,0,0,4,1,1,6,0,0,817333.6839301797,152884523.03194064,199900000.0,31.131779718994164,5.2983271144978666e-05
416,0,1,1,0,0,0,0,0,1,0,1,0,0,0,0,1,0,0,0,3,0,0,4,0,0,5,0,0,5,0,0,19009807.38229882,121991526.6319555,321100000.0,373.6796705593899,0.0049493934987416294
417,0,1,1,0,0,0,1,1,1,1,0,1,0,0,0,0,0,0,0,3,0,0,4,0,0,1,0,1,0,0,0,72783540.68366879,87103666.87965724,503700000.0,0.0,0.04614675559265606
418,0,0,1,0,0,1,1,0,0,1,1,0,0,0,0,0,0,0,0,2,0,0,5,0,0,5,0,0,2,0,0,18912280.943601947,110263814.45601644,575500000.0,0.0,0.013611926992991111
419,1,1,0,0,0,0,0,1,1,0,0,0,0,0,0,1,0,0,0,0,0,0,2,0,0,2,1,3,3,0,0,128534063.32848717,75961516.84968793,230600000.0,2587.9094255852397,0.031370063030753
420,0,0,0,0,0,0,0,1,1,0,0,0,0,0,0,1,3,0,0,0,0,0,2,0,0,1,0,0,0,0,0,442356124.058765,70780124.16284628,61400000.0,10230.26690965433,0.10061940473751985
421,0,1,1,0,0,1,1,0,1,0,1,0,0,0,0,0,0,0,0,2,0,0,4,0,0,5,0,0,3,0,0,18765991.285556633,110642092.94243869,569600000.0,0.0,0.013407344571054311
422,0,0,0,0,0,0,1,1,1,1,1,1,0,0,0,3,3,0,0,0,0,0,3,0,0,2,0,2,1,0,0,39839439.13963652,106700560.82463978,455700000.0,1647.139858179076,0.0032660293528315003
423,0,0,0,0,0,0,0,0,0,0,0,0,0,0,0,1,3,0,0,0,0,0,6,0,0,2,0,0,1,0,0,327215746.64330834,106059597.6787834,0.0,6587.845283445915,0.07983092508121156
424,1,1,1,0,0,0,0,1,1,0,1,0,0,0,0,1,0,0,0,2,0,0,2,0,0,4,0,0,5,0,0,18765991.285556633,111358105.0727611,436400000.0,370.2792846919342,0.004826644045579552
425,0,1,0,0,0,0,0,0,0,1,0,0,0,0,0,0,0,0,0,0,0,0,4,0,0,2,0,0,0,0,0,313117490.2859285,33735459.761828214,205800000.0,0.0,0.19507245682645954
426,0,1,1,0,0,0,0,0,0,1,0,0,0,0,0,1,0,0,0,3,0,0,5,0,0,2,0,0,2,0,0,25187443.278785847,111551406.88088606,290400000.0,531.3996318454596,0.0058662709678673555
427,0,0,1,0,0,0,0,0,1,0,1,0,0,0,0,3,0,0,0,0,0,0,0,0,0,2,0,0,0,0,0,401233217.7565309,7332080.219521779,236500000.0,13255.665560244703,0.037172790028268815
428,0,1,0,0,0,0,0,1,0,0,1,1,0,0,0,2,0,0,0,0,0,0,5,0,0,1,0,2,0,0,0,215955941.3294806,42701821.11452766,357700000.0,4892.354893313589,0.019267383497762802
429,0,0,0,0,0,0,0,0,0,0,0,0,0,0,0,3,3,0,0,0,0,0,2,0,0,2,0,0,1,0,0,327215746.64330834,96828618.15887555,0.0,13587.4308971072,0.026610308360403855
430,0,1,0,0,0,0,0,1,1,0,0,0,0,0,0,1,0,0,0,0,0,0,0,0,0,1,3,0,0,1,0,357373453.5345821,40100282.26652469,146000000.0,6134.3373280854885,0.0859537605707566
431,0,0,0,0,0,0,0,0,0,0,0,0,0,0,0,1,2,0,0,2,0,0,4,0,0,0,0,0,4,0,0,282544016.5360301,139854115.0081034,0.0,4117.473303647268,0.05436426361729361
432,1,0,0,0,0,0,1,0,1,0,1,1,0,0,0,3,0,0,0,3,0,0,7,0,0,1,0,0,0,0,0,95167309.17372699,88385061.6110889,388400000.0,1127.7993540346502,0.005560098525758288
433,0,1,1,0,0,0,0,0,1,1,1,0,0,0,0,3,0,0,0,0,0,0,5,0,0,5,0,0,0,0,0,128629808.11768088,39867168.8168634,442300000.0,5326.376542964972,0.010516960282251553
434,0,0,0,0,0,0,0,1,0,0,0,0,0,0,0,0,4,0,0,4,0,0,5,0,0,5,1,2,6,0,0,3066907.772218504,197794232.00618884,30700000.0,0.0,0.0022628848502594815
435,0,0,0,0,0,0,1,1,1,0,0,1,0,0,0,1,3,0,0,0,0,0,4,0,0,3,0,0,1,0,0,74422132.24218173,102185506.9794645,213300000.0,1498.5996278021717,0.01813926267683256
436,0,1,0,0,0,0,1,1,0,0,0,0,0,0,0,0,0,0,0,0,0,0,0,0,0,2,0,1,3,0,0,250698910.77803448,44443761.34729548,146000000.0,0.0,0.1729321302299568
437,0,1,1,0,0,0,1,0,1,0,0,1,0,0,0,1,0,0,0,0,0,0,5,0,0,3,0,1,0,0,0,130474291.84775655,44242960.19614556,351800000.0,2645.4411985381557,0.03171799355786155
438,0,0,1,0,0,0,1,1,1,1,0,0,0,0,0,1,0,0,0,1,0,0,4,0,0,2,1,0,3,0,0,106211022.1204064,109092262.84136596,297900000.0,736.3762553486705,0.01957734271845466
439,0,1,0,0,0,0,1,0,1,1,1,0,0,0,0,2,0,0,0,1,0,0,4,0,0,2,0,0,0,0,0,106357311.77845171,71980581.71359228,388400000.0,1225.8867457788524,0.008187913495979965
440,0,1,0,0,0,0,0,0,0,0,0,0,0,0,0,1,0,0,0,0,0,0,2,0,0,1,0,0,1,0,0,426444869.7862007,53525832.59464373,84600000.0,7279.236673649675,0.09598751779231415
441,0,0,1,0,0,0,1,1,1,1,0,1,0,0,0,3,3,0,0,0,0,0,4,0,0,2,0,0,0,0,0,59519986.82323115,76026965.4162045,419100000.0,2470.558371750303,0.004841695701363119
442,0,1,0,0,0,0,1,1,1,0,0,0,0,0,0,2,0,0,0,3,0,0,4,0,0,3,0,0,3,0,0,88085835.25170533,113051012.8443946,176700000.0,622.6149755472222,0.0062805467855682135
443,0,1,1,0,0,0,0,1,1,0,0,0,0,0,0,3,0,0,0,1,0,0,4,0,0,4,0,0,2,0,0,65806212.381164856,101921926.82389079,230600000.0,2750.649833123646,0.005478538738521943
444,0,1,0,0,0,0,0,1,1,0,0,0,0,0,0,3,0,0,0,0,0,0,4,0,0,3,0,0,4,0,0,215163440.90617338,68233903.79611158,146000000.0,6052.75471497709,0.015321055608296046
445,0,1,0,0,0,0,0,1,1,0,1,0,0,0,0,2,0,0,0,3,0,0,4,0,0,4,0,0,2,0,0,88085835.25170533,111519504.43522684,267200000.0,622.6149755472222,0.0062805467855682135
446,1,0,0,0,0,0,0,1,1,0,0,1,0,0,0,3,0,0,0,0,0,0,3,0,0,0,0,3,0,0,0,250194407.3778979,32651440.14796943,267200000.0,8058.92854703257,0.01676941422039452
447,0,0,1,0,0,0,1,1,1,0,0,1,0,0,0,2,0,0,0,0,0,0,5,0,0,2,0,0,1,0,0,161182793.16341114,61167691.43630445,297900000.0,3077.249452183014,0.01362574570012409
448,0,0,0,0,0,0,0,0,0,0,0,1,0,0,0,0,3,0,0,0,0,0,5,0,0,0,0,0,0,0,0,240449099.79521945,71089902.78498524,121200000.0,0.0,0.1591592360289077
449,0,1,1,1,0,0,1,1,1,1,0,0,0,0,0,0,0,0,0,2,0,0,4,0,0,5,0,0,5,0,0,18522175.188814454,116967242.7403532,600300000.0,0.0,0.01306637386782632
450,0,1,1,0,0,0,1,0,1,1,1,0,0,0,0,3,0,0,0,3,0,0,3,0,0,5,0,0,3,0,0,2997636.4316377495,113461029.74309593,473000000.0,121.56708215797993,0.00025992127390064206
451,0,0,1,0,0,0,1,1,0,0,1,0,0,0,0,3,0,0,0,0,0,0,3,0,0,2,0,2,0,0,0,217559971.53703716,39371841.084089756,267200000.0,6199.591137515523,0.015451423758402858
452,0,0,1,0,0,0,0,0,0,0,0,0,0,0,0,1,0,0,1,0,0,0,3,0,0,2,0,0,1,0,0,387798485.6804442,89262227.85121882,84600000.0,6839.756096376794,0.0900448801340809
453,0,1,0,0,0,0,1,0,0,1,1,0,0,0,0,1,0,0,0,0,0,0,6,0,0,2,0,0,0,0,0,215955941.3294806,38730877.93823339,357700000.0,2946.924359266538,0.04624172039463072
454,0,0,1,0,0,0,0,1,0,0,0,0,0,0,0,1,1,0,0,2,0,0,5,0,0,3,0,0,5,0,0,49223818.71314865,149441797.4331712,115300000.0,858.8517358206097,0.012063404958432243
455,0,0,1,0,0,0,0,1,1,0,1,0,0,0,0,2,0,0,0,0,0,0,4,0,0,1,0,1,0,0,0,222126041.32512704,39260967.31655713,267200000.0,5198.217376680741,0.019548401103459474
456,0,0,1,0,0,0,0,1,0,0,0,0,0,0,0,3,0,0,0,2,0,0,4,0,0,0,5,0,2,0,0,159332613.10621068,107868796.86771394,115300000.0,4264.964715101079,0.009881974373597148
457,0,0,0,0,0,0,0,0,0,0,0,0,0,0,0,1,2,0,0,4,0,0,5,0,0,3,0,0,3,0,0,144167834.86114338,158217107.70690995,0.0,820.3319846492591,0.027756628828572025
458,0,0,1,0,0,0,0,1,1,0,0,0,0,0,0,1,0,0,0,0,0,0,5,0,0,3,0,0,7,0,0,215163440.90617338,81445318.37235665,146000000.0,2934.668952716165,0.04596316682488814
459,0,0,1,0,0,0,0,1,1,0,0,0,0,0,0,2,0,0,0,0,0,0,3,0,0,5,2,0,2,0,0,215163440.90617338,71518420.22915003,146000000.0,4872.009003532696,0.01915131951037006
460,0,1,1,0,0,0,1,1,0,0,1,0,0,0,0,2,0,0,0,3,0,0,5,0,0,5,0,0,4,0,0,7760714.504716771,121086984.9371606,351800000.0,253.638176176351,0.0008379041656811285
461,1,0,1,0,0,0,0,1,1,0,0,0,0,0,0,0,0,0,0,0,0,0,1,0,0,3,0,1,6,0,0,162129613.02099168,76017523.0765813,230600000.0,0.0,0.13167603146822213
462,0,0,0,0,0,0,1,1,1,0,0,0,0,0,0,3,3,0,0,0,0,0,3,0,0,2,0,1,3,0,0,87689853.71076392,110933299.45303315,92100000.0,3655.366728422171,0.0070853661016068836
463,0,0,0,0,0,0,0,0,0,0,0,0,0,0,0,0,3,0,0,0,0,0,3,0,0,3,0,0,4,0,0,327215746.64330834,108320062.35954282,0.0,0.0,0.22175256967003215
464,1,0,1,0,0,0,0,1,1,0,0,0,0,0,0,0,0,0,0,2,0,0,0,0,0,2,0,0,6,0,0,104496959.34630191,90424168.27474359,230600000.0,0.0,0.11794648650027653
465,0,0,0,0,0,0,0,1,1,0,0,0,0,0,0,0,3,0,0,1,0,0,5,0,0,2,0,0,2,0,0,67746132.56052147,144245334.9239263,61400000.0,0.0,0.0463741888212644
466,0,0,0,0,0,0,0,0,0,1,0,0,0,0,0,2,3,0,0,0,0,0,6,0,0,2,0,4,0,0,0,225791357.0741288,91391485.76645868,121200000.0,7515.4927231056645,0.02313968537902058
467,0,1,0,0,0,0,0,0,0,0,0,0,0,0,0,3,0,0,0,5,0,0,5,0,0,3,0,0,3,0,0,88085835.25170533,127013433.80033627,84600000.0,773.5075460916078,0.00502443742845457
468,1,1,0,0,0,0,0,0,0,0,0,0,0,0,0,0,0,0,0,6,0,0,5,0,0,2,0,1,5,0,0,15971528.312816733,145612411.7159238,169200000.0,0.0,0.012334940704696054
469,1,1,0,0,0,0,0,0,1,0,0,0,0,0,0,2,0,0,0,4,0,0,5,0,0,6,0,0,7,0,0,3066907.772218504,138936942.2747376,199900000.0,99.45615863377878,0.0003394327275389222
470,1,1,0,0,0,0,0,1,1,0,0,0,0,0,0,1,0,0,0,1,0,0,2,0,0,4,0,0,6,0,0,58334532.73711471,110381807.89645687,230600000.0,1160.8437683653806,0.014609799037637781
471,1,0,0,0,0,0,1,1,1,0,0,0,0,0,0,0,0,0,0,0,0,0,7,0,0,5,0,0,3,0,0,173198768.6521964,75641859.466957,176700000.0,0.0,0.09904256130556377
472,1,0,0,0,0,0,1,1,1,0,0,1,0,0,0,3,0,0,0,0,0,0,0,0,0,5,0,1,6,0,0,166251259.3272119,58819550.164876685,297900000.0,4006.58889218075,0.011671534115376657
473,0,0,0,0,0,0,0,1,1,0,0,0,0,0,0,0,3,0,0,0,0,0,2,0,0,3,0,0,5,0,0,127887423.26870164,109589407.39008258,61400000.0,0.0,0.08689916419645341
474,0,0,1,0,0,0,1,1,1,1,0,0,0,0,0,2,3,0,0,0,0,0,4,0,0,2,0,0,1,0,0,74422132.24218173,101064179.50237823,297900000.0,2487.9095383434487,0.007558026115346903
475,0,1,0,0,0,0,0,0,0,0,0,0,0,0,0,1,0,0,0,3,0,0,2,0,0,2,0,0,2,0,0,186189179.836508,104920827.94908087,84600000.0,2099.848823132428,0.055806774195276465
476,0,0,0,0,0,0,0,0,1,0,0,0,0,0,0,0,3,0,0,1,0,0,3,0,0,2,0,0,2,0,0,92557961.3925797,139644970.24467874,30700000.0,0.0,0.0638051868695553
477,0,0,0,0,0,0,0,0,0,0,1,0,0,0,0,0,3,0,0,0,0,0,5,0,0,1,0,0,0,0,0,225791357.0741288,77410703.09465149,121200000.0,0.0,0.15426456919347048
478,0,0,0,0,0,0,0,1,0,0,0,0,0,0,0,2,3,0,0,2,0,0,3,0,0,1,0,0,5,0,0,97888072.2782475,152305429.9271962,30700000.0,3881.459609916943,0.0074414511553899726
479,0,0,1,1,0,0,1,0,1,0,1,0,0,0,0,0,0,0,0,1,0,0,2,0,0,2,0,0,2,0,0,41359212.512323625,95323250.33774483,485000000.0,0.0,0.02893399589795822
480,0,1,1,0,0,0,1,1,1,0,0,1,0,0,0,3,0,0,0,0,0,0,5,0,0,2,0,0,2,0,0,74422132.24218173,63708707.31778596,382500000.0,3090.861732341979,0.00604642089227752
481,0,0,1,0,0,0,0,1,0,0,0,0,0,0,0,4,0,0,0,2,0,0,3,0,0,2,0,0,2,0,0,149539412.8773641,101926758.3100362,115300000.0,4180.428142272367,0.010040193703187015
482,0,1,1,0,0,0,1,0,0,0,0,0,0,0,0,1,0,0,0,1,0,0,4,0,0,4,0,0,3,0,0,90618041.2132231,104695222.89861554,199900000.0,1802.462668158885,0.02271077551295056
483,0,0,1,0,0,0,1,1,0,0,0,0,0,0,0,0,0,1,0,0,0,0,2,0,0,2,0,0,1,0,0,168367367.03823417,87232013.59866118,146000000.0,0.0,0.10670722304468733
484,0,1,1,0,0,0,1,0,0,0,0,0,0,0,0,3,0,0,0,3,0,0,5,0,0,5,0,0,5,0,0,19107333.82099569,124386544.220258,199900000.0,773.5196388693926,0.0016661644266688196
485,0,0,0,0,0,0,1,0,0,0,0,0,0,0,0,1,3,0,0,3,0,0,4,0,0,0,0,0,1,0,0,101616203.1248175,141574798.84595656,30700000.0,2591.52060521164,0.015902219463132743
486,1,0,0,0,0,0,1,1,1,0,0,0,0,0,0,1,0,0,0,0,0,0,3,0,0,2,0,0,2,0,0,175138688.831553,59108342.638538405,176700000.0,2144.825503876261,0.0359144138300923
487,0,1,0,0,0,0,1,1,0,0,0,0,0,0,0,1,0,0,0,0,0,0,6,0,0,2,1,1,2,0,0,215810080.96595892,80060418.36021091,146000000.0,2951.5108376433977,0.04604953074491792
488,0,0,1,0,0,0,0,0,0,0,0,0,0,0,0,2,0,0,0,2,0,0,6,0,0,2,0,0,2,0,0,156786001.65250343,109127523.57738642,84600000.0,2943.345878355225,0.013419299423374074
489,1,0,0,0,0,0,0,1,1,0,0,0,0,0,0,1,0,0,0,1,0,0,4,0,0,2,0,0,3,0,0,147550470.55394307,102332107.75597227,146000000.0,1574.9708352052376,0.02954835851189204
490,1,0,1,0,0,0,0,1,0,0,0,0,0,0,0,0,0,0,0,2,0,0,4,0,0,2,0,0,3,0,0,50464441.06096767,106905401.47570601,199900000.0,0.0,0.03324182275331224
491,0,1,1,0,0,0,0,1,1,1,0,0,0,0,0,1,0,0,0,2,0,0,4,0,0,2,0,0,5,0,0,24699811.08530148,113230551.27362052,351800000.0,524.5988601105482,0.005620772061543201
492,0,1,1,0,0,0,0,0,0,0,0,0,0,0,0,2,0,0,0,0,0,0,5,0,0,2,0,0,0,0,0,359307136.06721145,36130477.35013072,169200000.0,12210.109088178171,0.0364418951996603
493,0,1,1,0,0,0,1,0,1,0,1,0,0,0,0,3,0,0,0,0,0,0,2,0,0,3,0,0,0,0,0,130474291.84775655,30621225.8954118,351800000.0,5456.222471984947,0.01057266451928718
494,0,0,1,0,0,0,0,1,0,0,0,0,0,0,0,2,0,0,0,2,0,0,4,0,0,5,0,0,3,0,0,106796180.75258765,110642092.94243869,115300000.0,1236.048055109335,0.008279975585851522
495,0,1,1,0,0,0,1,1,0,0,0,1,0,0,0,0,0,0,0,0,0,0,2,0,0,3,0,0,0,0,0,130474291.84775655,30621225.8954118,351800000.0,0.0,0.08810553766072653
496,0,1,1,0,0,0,0,0,1,1,0,0,0,0,0,1,0,0,0,3,0,0,4,0,0,3,0,0,4,0,0,23543053.929104276,116076603.3592117,321100000.0,483.55409630736995,0.005613021543090662
497,1,0,0,0,0,0,0,1,1,0,1,0,0,0,0,1,0,0,0,4,0,0,2,0,0,2,0,0,3,0,0,88085835.25170533,113209998.06091642,267200000.0,375.0339617413855,0.01507331228536371
498,0,0,1,0,0,0,0,0,1,0,0,0,0,0,0,1,0,0,0,3,0,0,4,0,0,3,0,0,4,0,0,95825240.60764444,116076603.3592117,115300000.0,527.5164747038972,0.01707355417113559
499,0,0,0,0,0,0,0,0,0,0,0,0,0,0,0,2,3,0,0,0,0,0,4,0,0,2,0,0,0,0,0,359307136.06721145,76026965.4162045,0.0,12210.109088178171,0.0364418951996603
